FID,zona,REGION_,NOM_REG,PROVINC,NOM_PRO,COMUNA_,NOM_COM,URBANO,DISTRIT,LOC_ZON,SHAPE_L,SHAPE_A,X,region,cod_rgn,provinc_1,cd_prvn,comuna,cod_cmn,ismtpn,Q1,Q2,Q3,Q4,Q5,Alto,Medio,Bajo,AB,C1,C2,C3,D,E,ind_hac,hacn_cr,hacn_md,hacin_n,alleg,escolar,mat_cpt,mat_rcp,mat_rrc,ind_mat,Shape__Area,Shape__Length
1,9101011001,9,REGIÓN DE LA ARAUCANÍA,91,CAUTÍN,9101,TEMUCO,TEMUCO,1,1,0.056945096208,6.5442530408e-05,7,09_ARAUCANIA,9,CAUTIN,91,TEMUCO,9101,0.643547140713034,214,149,109,80,32,72,234,278,0,72,101,133,241,37,1.31161529680365,14,25,545,85,12.9708904109589,485,97,2,8.80650684931507,1039618.0859375,6664.90789105889
2,9101011002,9,REGIÓN DE LA ARAUCANÍA,91,CAUTÍN,9101,TEMUCO,TEMUCO,1,2,0.0360916950615,6.091689989e-05,4,09_ARAUCANIA,9,CAUTIN,91,TEMUCO,9101,0.728389315380396,908,313,124,63,39,446,681,320,0,446,327,354,280,40,1.14808799815711,1,29,1417,194,14.8541810642709,1382,65,0,8.95438838977194,967775.64453125,4449.30473499484
3,9101011003,9,REGIÓN DE LA ARAUCANÍA,91,CAUTÍN,9101,TEMUCO,TEMUCO,1,3,0.0371330722204,6.8812272056e-05,5,09_ARAUCANIA,9,CAUTIN,91,TEMUCO,9101,0.695914249580451,416,170,65,50,47,216,302,230,0,216,153,149,180,50,1.20713012477718,7,29,712,44,14.1176470588235,719,26,3,8.95053475935829,1093250.0546875,4681.65053772942
4,9101011004,9,REGIÓN DE LA ARAUCANÍA,91,CAUTÍN,9101,TEMUCO,TEMUCO,1,4,0.0229819337444,2.5107233768e-05,6,09_ARAUCANIA,9,CAUTIN,91,TEMUCO,9101,0.667479903563257,103,53,32,29,13,44,89,97,0,44,38,51,81,16,1.27173913043478,0,12,218,74,13.4739130434783,221,9,0,8.95652173913044,398880.28125,2870.65814549899
5,9101011005,9,REGIÓN DE LA ARAUCANÍA,91,CAUTÍN,9101,TEMUCO,TEMUCO,1,5,0.022913855165,2.6745504944e-05,11,09_ARAUCANIA,9,CAUTIN,91,TEMUCO,9101,0.700403213049194,572,237,112,67,49,292,444,301,0,292,191,253,246,55,1.17010607521697,2,43,992,88,14.2246865959499,968,69,0,8.93249758919962,424927.78515625,2773.94717321701
6,9101021001,9,REGIÓN DE LA ARAUCANÍA,91,CAUTÍN,9101,TEMUCO,TEMUCO,2,1,0.0349285680434,4.8559456169e-05,8,09_ARAUCANIA,9,CAUTIN,91,TEMUCO,9101,0.733054156010776,898,318,108,60,35,499,608,312,0,499,302,306,272,40,1.09376321353066,1,34,1384,156,14.9570119802678,1367,52,0,8.96335447498238,771423.23046875,4443.66040179353
7,9101021002,9,REGIÓN DE LA ARAUCANÍA,91,CAUTÍN,9101,TEMUCO,TEMUCO,2,2,0.0394958115683,5.7301385057e-05,1,09_ARAUCANIA,9,CAUTIN,91,TEMUCO,9101,0.724761956946893,678,254,91,65,39,378,479,270,0,378,229,250,230,40,1.19043182490387,14,34,1079,158,14.7692990239574,1087,40,0,8.96450754214729,910354.734375,4791.85697251915
8,9101021003,9,REGIÓN DE LA ARAUCANÍA,91,CAUTÍN,9101,TEMUCO,TEMUCO,2,3,0.0296784059577,4.7143050168e-05,2,09_ARAUCANIA,9,CAUTIN,91,TEMUCO,9101,0.702647866536603,276,119,58,36,23,128,231,153,0,128,106,125,130,23,1.12379557291667,0,12,500,44,14.30078125,440,68,4,8.841796875,749012.7421875,3676.76487663348
9,9101021004,9,REGIÓN DE LA ARAUCANÍA,91,CAUTÍN,9101,TEMUCO,TEMUCO,2,4,0.0390390396698,3.3901220981e-05,3,09_ARAUCANIA,9,CAUTIN,91,TEMUCO,9101,0.61764716664705,193,158,90,79,63,74,194,315,0,74,86,108,249,66,1.19842767295597,7,15,561,63,12.3567753001715,531,46,6,8.89708404802744,538617.79296875,4697.17615559158
10,9101031001,9,REGIÓN DE LA ARAUCANÍA,91,CAUTÍN,9101,TEMUCO,TEMUCO,3,1,0.0232268630882,2.5455753199e-05,12,09_ARAUCANIA,9,CAUTIN,91,TEMUCO,9101,0.550466572881037,139,192,178,154,139,50,177,575,0,50,52,125,424,151,1.4227140482128,15,70,717,106,10.8391521197007,713,86,3,8.87655860349127,404522.23046875,2894.63449290258
11,9101031002,9,REGIÓN DE LA ARAUCANÍA,91,CAUTÍN,9101,TEMUCO,TEMUCO,3,2,0.0293485059998,4.2899539733e-05,13,09_ARAUCANIA,9,CAUTIN,91,TEMUCO,9101,0.492947106994006,109,226,327,320,342,22,196,1106,0,22,53,143,732,374,1.51062437059416,27,142,1155,146,9.56419939577039,1049,264,11,8.76812688821752,681735.65234375,3716.89472988245
12,9101031003,9,REGIÓN DE LA ARAUCANÍA,91,CAUTÍN,9101,TEMUCO,TEMUCO,3,3,0.0218914144539,2.1039013139e-05,14,09_ARAUCANIA,9,CAUTIN,91,TEMUCO,9101,0.48310081760482,71,113,168,157,210,20,102,597,0,20,32,70,370,227,1.46847473342605,8,67,644,92,9.36300417246175,540,165,14,8.6884561891516,334328.2421875,2595.79404368964
13,9101031004,9,REGIÓN DE LA ARAUCANÍA,91,CAUTÍN,9101,TEMUCO,TEMUCO,3,4,0.0279522070563,4.8271987684e-05,28,09_ARAUCANIA,9,CAUTIN,91,TEMUCO,9101,0.497814923284222,74,122,195,162,189,15,106,621,0,15,34,72,419,202,1.40525606469003,6,70,666,48,9.67250673854447,601,135,6,8.7722371967655,767125.95703125,3454.7870148557
14,9101031005,9,REGIÓN DE LA ARAUCANÍA,91,CAUTÍN,9101,TEMUCO,TEMUCO,3,5,0.0281278500059,3.1050789957e-05,16,09_ARAUCANIA,9,CAUTIN,91,TEMUCO,9101,0.490615714405682,65,141,225,256,206,17,107,769,0,17,27,80,540,229,1.48085106382979,2,116,775,58,9.52407614781635,690,194,9,8.72004479283315,493456.89453125,3444.26526629517
15,9101041001,9,REGIÓN DE LA ARAUCANÍA,91,CAUTÍN,9101,TEMUCO,TEMUCO,4,1,0.0344565083164,6.0530907508e-05,17,09_ARAUCANIA,9,CAUTIN,91,TEMUCO,9101,0.519052389537102,185,252,380,362,293,52,266,1154,0,52,77,189,819,335,1.53830389492754,22,155,1295,86,10.1745923913043,1121,312,39,8.70244565217391,961753.98046875,4156.23285454031
16,9101041002,9,REGIÓN DE LA ARAUCANÍA,91,CAUTÍN,9101,TEMUCO,TEMUCO,4,2,0.0326700365599,4.9081491135e-05,18,09_ARAUCANIA,9,CAUTIN,91,TEMUCO,9101,0.474808560158574,93,201,365,315,404,13,171,1194,0,13,43,128,744,450,1.57260522496372,15,166,1197,64,9.20537010159652,906,418,54,8.57764876632801,779791,3850.90689111291
17,9101041003,9,REGIÓN DE LA ARAUCANÍA,91,CAUTÍN,9101,TEMUCO,TEMUCO,4,3,0.0363557161449,5.5491173121e-05,19,09_ARAUCANIA,9,CAUTIN,91,TEMUCO,9101,0.498075691910578,110,249,357,298,327,14,201,1126,0,14,47,154,765,361,1.57953020134228,28,171,1142,221,9.68530947054437,1057,264,20,8.75466070096943,881571.89453125,4553.36962579124
18,9101051001,9,REGIÓN DE LA ARAUCANÍA,91,CAUTÍN,9101,TEMUCO,TEMUCO,5,1,0.0272781803888,3.872205254e-05,20,09_ARAUCANIA,9,CAUTIN,91,TEMUCO,9101,0.536667219805248,160,189,216,216,191,54,183,735,0,54,78,105,520,215,1.48194444444444,11,94,867,43,10.5514403292181,789,172,11,8.78292181069959,615120.3984375,3377.45123327258
19,9101051002,9,REGIÓN DE LA ARAUCANÍA,91,CAUTÍN,9101,TEMUCO,TEMUCO,5,2,0.0255762048793,3.8537005199e-05,21,09_ARAUCANIA,9,CAUTIN,91,TEMUCO,9101,0.472218601577882,52,125,227,239,261,9,91,804,0,9,21,70,523,281,1.52964601769912,15,95,794,60,9.10398230088496,696,189,19,8.73008849557522,612220.15234375,3162.19420457883
20,9101051003,9,REGIÓN DE LA ARAUCANÍA,91,CAUTÍN,9101,TEMUCO,TEMUCO,5,3,0.0287005264421,3.4905378911e-05,9,09_ARAUCANIA,9,CAUTIN,91,TEMUCO,9101,0.480256992339438,77,143,242,230,288,19,123,838,0,19,32,91,531,307,1.40719387755102,9,78,893,82,9.28673469387755,743,226,11,8.72755102040816,554464.8515625,3636.03078292297
21,9101051004,9,REGIÓN DE LA ARAUCANÍA,91,CAUTÍN,9101,TEMUCO,TEMUCO,5,4,0.0344851024396,3.7783151871e-05,10,09_ARAUCANIA,9,CAUTIN,91,TEMUCO,9101,0.541199024292562,121,277,289,236,164,24,212,851,0,24,59,153,666,185,1.38981907390371,10,70,1007,30,10.6402943882245,920,165,2,8.83072677092916,600146.0078125,4586.13082994505
22,9101051005,9,REGIÓN DE LA ARAUCANÍA,91,CAUTÍN,9101,TEMUCO,TEMUCO,5,5,0.0325305774472,3.6407638322e-05,15,09_ARAUCANIA,9,CAUTIN,91,TEMUCO,9101,0.536172472435914,119,186,200,159,159,26,173,624,0,26,45,128,454,170,1.41281895504253,5,78,740,57,10.5127582017011,734,83,6,8.88092345078979,578279.19140625,4333.26748874074
23,9101051006,9,REGIÓN DE LA ARAUCANÍA,91,CAUTÍN,9101,TEMUCO,TEMUCO,5,6,0.0288774059848,3.8779915835e-05,52,09_ARAUCANIA,9,CAUTIN,91,TEMUCO,9101,0.480981776293001,51,96,205,196,199,5,83,659,0,5,28,55,437,222,1.66834002677376,14,118,615,87,9.29451137884873,587,153,7,8.76439089692102,616047.98046875,3661.62065098092
24,9101051007,9,REGIÓN DE LA ARAUCANÍA,91,CAUTÍN,9101,TEMUCO,TEMUCO,5,7,0.0217938232937,2.7776581529e-05,53,09_ARAUCANIA,9,CAUTIN,91,TEMUCO,9101,0.583271388609607,124,212,203,121,64,31,187,506,0,31,58,129,434,72,1.35006906077348,2,41,681,41,11.5939226519337,612,109,3,8.83563535911602,441147.12890625,2838.79308624908
25,9101061001,9,REGIÓN DE LA ARAUCANÍA,91,CAUTÍN,9101,TEMUCO,TEMUCO,6,1,0.0335004942726,6.6704005879e-05,54,09_ARAUCANIA,9,CAUTIN,91,TEMUCO,9101,0.588734648959612,258,322,232,195,123,76,352,702,0,76,106,246,565,137,1.28430678466077,9,79,1042,161,11.7035398230088,1015,110,5,8.88938053097345,1059613.21484375,4200.66111503506
26,9101061002,9,REGIÓN DE LA ARAUCANÍA,91,CAUTÍN,9101,TEMUCO,TEMUCO,6,2,0.0266310055027,4.2013439489e-05,55,09_ARAUCANIA,9,CAUTIN,91,TEMUCO,9101,0.661125318357871,346,192,112,82,60,149,297,346,0,149,151,146,280,66,1.20818602693603,3,25,764,72,13.3333333333333,740,51,1,8.93308080808081,667351.3359375,3508.09973170119
27,9101061003,9,REGIÓN DE LA ARAUCANÍA,91,CAUTÍN,9101,TEMUCO,TEMUCO,6,3,0.0349589920072,3.8864751689e-05,56,09_ARAUCANIA,9,CAUTIN,91,TEMUCO,9101,0.513521137928756,112,188,214,168,225,34,172,701,0,34,46,126,463,238,1.36874310915105,7,71,829,74,10.0352811466373,703,200,4,8.7497243660419,617284.6328125,4439.36646411443
28,9101061004,9,REGIÓN DE LA ARAUCANÍA,91,CAUTÍN,9101,TEMUCO,TEMUCO,6,4,0.0771477317127,0.000163529139628,57,09_ARAUCANIA,9,CAUTIN,91,TEMUCO,9101,0.683085150858539,814,438,215,148,71,319,749,618,0,319,354,395,536,82,1.21896006326611,7,36,1643,197,13.8339264531435,1570,113,3,8.92645314353499,2596664.20703125,9737.40757799325
29,9101061005,9,REGIÓN DE LA ARAUCANÍA,91,CAUTÍN,9101,TEMUCO,TEMUCO,6,5,0.0283375088883,3.6457100067e-05,58,09_ARAUCANIA,9,CAUTIN,91,TEMUCO,9101,0.565366846332978,195,235,180,190,154,60,268,626,0,60,86,182,462,164,1.21804682040531,0,48,906,158,11.1876310272537,809,142,3,8.83752620545073,579006.81640625,3537.73851587781
30,9101061006,9,REGIÓN DE LA ARAUCANÍA,91,CAUTÍN,9101,TEMUCO,TEMUCO,6,6,0.0279896136433,3.8089485771e-05,59,09_ARAUCANIA,9,CAUTIN,91,TEMUCO,9101,0.54677350307231,150,195,208,159,162,44,195,635,0,44,61,134,452,183,1.34938977879481,2,61,811,137,10.7620137299771,758,109,7,8.85240274599542,604996.42578125,3626.96505750942
31,9101071001,9,REGIÓN DE LA ARAUCANÍA,91,CAUTÍN,9101,TEMUCO,TEMUCO,7,1,0.0527964858325,6.9395688653e-05,60,09_ARAUCANIA,9,CAUTIN,91,TEMUCO,9101,0.584242951784836,129,148,134,92,68,43,163,365,0,43,59,104,286,79,1.23727378867484,1,32,538,36,11.6322241681261,462,100,9,8.77583187390543,1102338.703125,6467.20344259032
32,9101071002,9,REGIÓN DE LA ARAUCANÍA,91,CAUTÍN,9101,TEMUCO,TEMUCO,7,2,0.113820903232,0.000194833417348,61,09_ARAUCANIA,9,CAUTIN,91,TEMUCO,9101,0.661096644713341,479,201,144,94,95,232,370,411,0,232,179,191,306,105,1.20523198420533,2,43,968,30,13.3543928923988,876,131,6,8.85291214215202,3094040.75390625,14358.5715266498
33,9101081001,9,REGIÓN DE LA ARAUCANÍA,91,CAUTÍN,9101,TEMUCO,TEMUCO,8,1,0.0279675032892,2.8322145246e-05,22,09_ARAUCANIA,9,CAUTIN,91,TEMUCO,9101,0.48682105278747,94,182,224,249,285,29,148,857,0,29,36,112,544,313,1.47324306898775,8,98,928,44,9.41779497098646,844,180,10,8.79110251450677,449842.8984375,3605.82553171038
34,9101081002,9,REGIÓN DE LA ARAUCANÍA,91,CAUTÍN,9101,TEMUCO,TEMUCO,8,2,0.0323295263166,4.5757297368e-05,23,09_ARAUCANIA,9,CAUTIN,91,TEMUCO,9101,0.469683246414055,86,194,249,278,375,20,150,1012,0,20,32,118,610,402,1.4883953750705,12,119,1051,50,9.0253807106599,971,194,17,8.80372250423012,726809.55859375,4043.1253510193
35,9101081003,9,REGIÓN DE LA ARAUCANÍA,91,CAUTÍN,9101,TEMUCO,TEMUCO,8,3,0.0326872882743,3.0403838587e-05,24,09_ARAUCANIA,9,CAUTIN,91,TEMUCO,9101,0.428245065456399,25,87,176,317,325,1,66,863,0,1,15,51,486,377,1.7015770609319,15,153,762,40,8.13118279569892,672,225,33,8.64193548387097,482901.9140625,4137.28221729342
36,9101081004,9,REGIÓN DE LA ARAUCANÍA,91,CAUTÍN,9101,TEMUCO,TEMUCO,8,4,0.0439511535825,5.3962123972e-05,25,09_ARAUCANIA,9,CAUTIN,91,TEMUCO,9101,0.663453128238259,299,193,109,68,37,123,288,295,0,123,112,176,256,39,1.41343248347498,12,27,667,96,13.4093484419263,612,91,3,8.85552407932011,857180.48046875,5395.58778560574
37,9101081005,9,REGIÓN DE LA ARAUCANÍA,91,CAUTÍN,9101,TEMUCO,TEMUCO,8,5,0.0276859115565,3.1732955037e-05,26,09_ARAUCANIA,9,CAUTIN,91,TEMUCO,9101,0.500522175810829,82,90,114,182,146,26,96,492,0,26,34,62,325,167,1.64837133550489,9,85,520,20,9.71661237785016,528,75,11,8.8371335504886,504028.453125,3638.02083499455
38,9101081006,9,REGIÓN DE LA ARAUCANÍA,91,CAUTÍN,9101,TEMUCO,TEMUCO,8,6,0.0293096129474,3.5259725972e-05,27,09_ARAUCANIA,9,CAUTIN,91,TEMUCO,9101,0.461442894407989,29,120,181,273,230,5,82,746,0,5,12,70,493,253,1.56040416166467,11,104,718,18,8.86314525810324,656,143,34,8.71548619447779,559997.51953125,3710.96042656091
39,9101091001,9,REGIÓN DE LA ARAUCANÍA,91,CAUTÍN,9101,TEMUCO,TEMUCO,9,1,0.0462611350122,9.4114797845e-05,68,09_ARAUCANIA,9,CAUTIN,91,TEMUCO,9101,0.768814433456178,1214,281,75,53,17,694,684,262,0,694,421,263,239,23,1.07407520325203,0,17,1623,32,15.7664634146341,1589,49,2,8.96707317073171,1495030.55078125,5626.54246752621
40,9101091002,9,REGIÓN DE LA ARAUCANÍA,91,CAUTÍN,9101,TEMUCO,TEMUCO,9,2,0.0204103454576,2.6347280935e-05,29,09_ARAUCANIA,9,CAUTIN,91,TEMUCO,9101,0.669590298179222,256,144,77,60,35,104,247,221,0,104,101,146,178,43,1.13289627039627,4,16,552,58,13.5524475524476,482,88,2,8.83566433566433,418547.50390625,2579.31525799852
41,9101091003,9,REGIÓN DE LA ARAUCANÍA,91,CAUTÍN,9101,TEMUCO,TEMUCO,9,3,0.0334045361221,5.0871808998e-05,30,09_ARAUCANIA,9,CAUTIN,91,TEMUCO,9101,0.707513427222807,618,256,99,90,36,316,484,299,0,316,231,253,256,43,1.02082195935699,1,15,1083,147,14.3876251137398,1025,74,0,8.926296633303,808164.43359375,4017.49852552808
42,9101091004,9,REGIÓN DE LA ARAUCANÍA,91,CAUTÍN,9101,TEMUCO,TEMUCO,9,4,0.0347350421292,3.480502367e-05,31,09_ARAUCANIA,9,CAUTIN,91,TEMUCO,9101,0.686677670172698,542,244,124,70,64,275,420,349,0,275,196,224,273,76,1.10482120051086,1,26,1017,132,13.9300766283525,918,123,3,8.87260536398467,552883.01953125,4107.2514739051
43,9101091005,9,REGIÓN DE LA ARAUCANÍA,91,CAUTÍN,9101,TEMUCO,TEMUCO,9,5,0.0277486705801,3.4817442133e-05,32,09_ARAUCANIA,9,CAUTIN,91,TEMUCO,9101,0.737913357078175,498,146,43,41,19,279,319,149,0,279,158,161,127,22,0.996296296296296,0,6,741,10,15.0655957161981,721,26,0,8.96385542168675,553095.12109375,3449.70523376336
44,9101101001,9,REGIÓN DE LA ARAUCANÍA,91,CAUTÍN,9101,TEMUCO,TEMUCO,10,1,0.0382030995915,6.4175400764e-05,33,09_ARAUCANIA,9,CAUTIN,91,TEMUCO,9101,0.630281228659142,660,349,213,194,204,269,578,773,0,269,283,295,545,228,1.24157407407407,1,82,1537,48,12.6401234567901,1473,147,0,8.90679012345679,1019774.32421875,4653.58618502475
45,9101101002,9,REGIÓN DE LA ARAUCANÍA,91,CAUTÍN,9101,TEMUCO,TEMUCO,10,2,0.0643375169531,0.000168321654344,34,09_ARAUCANIA,9,CAUTIN,91,TEMUCO,9101,0.776187029151414,397,58,30,13,9,242,179,86,0,242,129,50,76,10,1.1577909270217,0,13,494,6,15.930966469428,496,11,0,8.97830374753452,2674453.62109375,8199.11274592714
46,9101101003,9,REGIÓN DE LA ARAUCANÍA,91,CAUTÍN,9101,TEMUCO,TEMUCO,10,3,0.0639516804877,0.000132888972888,35,09_ARAUCANIA,9,CAUTIN,91,TEMUCO,9101,0.797849667492722,81,14,1,3,0,56,35,8,0,56,17,18,8,0,0.976094276094276,0,1,98,2,16.4242424242424,97,2,0,8.96969696969697,2110801.1953125,8041.30354601372
47,9101101004,9,REGIÓN DE LA ARAUCANÍA,91,CAUTÍN,9101,TEMUCO,LABRANZA,10,4,0.064802560759,0.00014560861232,36,09_ARAUCANIA,9,CAUTIN,91,TEMUCO,9101,0.520431786232596,86,199,363,289,196,14,152,967,0,14,41,111,755,212,1.53028832009415,6,124,1003,20,10.1809355692851,927,191,15,8.78993821712268,2314376.37109375,8055.64724868795
48,9101101005,9,REGIÓN DE LA ARAUCANÍA,91,CAUTÍN,9101,TEMUCO,LABRANZA,10,5,0.0595768648066,6.6031342514e-05,37,09_ARAUCANIA,9,CAUTIN,91,TEMUCO,9101,0.628807769589373,459,406,476,200,83,123,534,967,0,123,215,319,879,88,1.44139983579639,1,113,1510,12,12.5997536945813,1520,104,0,8.93411330049261,1049441.78515625,7073.69834574091
49,9101101006,9,REGIÓN DE LA ARAUCANÍA,91,CAUTÍN,9101,TEMUCO,LABRANZA,10,6,0.0607557804029,9.2791750697e-05,38,09_ARAUCANIA,9,CAUTIN,91,TEMUCO,9101,0.606746980559882,376,606,482,228,124,108,546,1162,0,108,165,381,1029,133,1.31112334801762,2,96,1718,28,12.1101321585903,1634,176,6,8.89262114537445,1474695.12109375,7066.31223283106
50,9101101007,9,REGIÓN DE LA ARAUCANÍA,91,CAUTÍN,9101,TEMUCO,LABRANZA,10,7,0.0392317131079,6.2042411377e-05,39,09_ARAUCANIA,9,CAUTIN,91,TEMUCO,9101,0.53140694392141,100,306,465,357,205,17,198,1218,0,17,40,158,990,228,1.54916259595255,9,165,1259,8,10.4075366364271,1261,172,0,8.8702023726448,985943.55859375,4758.21217026985
51,9101101008,9,REGIÓN DE LA ARAUCANÍA,91,CAUTÍN,9101,TEMUCO,TEMUCO,10,8,0.0796676745802,0.000194609075888,40,09_ARAUCANIA,9,CAUTIN,91,TEMUCO,9101,0.667248554590795,940,479,344,233,116,383,817,912,0,383,408,409,786,126,1.30632102272727,5,103,2004,24,13.4706439393939,1986,126,0,8.9375,3092632.31640625,9556.43361329581
52,9101101009,9,REGIÓN DE LA ARAUCANÍA,91,CAUTÍN,9101,TEMUCO,LABRANZA,10,9,0.0335641550936,5.2518050895e-05,41,09_ARAUCANIA,9,CAUTIN,91,TEMUCO,9101,0.545547965712238,126,255,440,289,162,17,207,1048,0,17,58,149,857,191,1.54954140461216,2,142,1128,26,10.7578616352201,1008,259,5,8.76572327044025,834731.81640625,4202.44636093161
53,9101111001,9,REGIÓN DE LA ARAUCANÍA,91,CAUTÍN,9101,TEMUCO,TEMUCO,11,1,0.0513147119838,9.2269346359e-05,42,09_ARAUCANIA,9,CAUTIN,91,TEMUCO,9101,0.668865015489037,689,460,306,121,61,252,639,746,0,252,304,335,679,67,1.26692119731216,1,63,1573,36,13.515577275504,1507,127,3,8.90775809407453,1465376.3125,6222.47974576774
54,9101111002,9,REGIÓN DE LA ARAUCANÍA,91,CAUTÍN,9101,TEMUCO,TEMUCO,11,2,0.045623237518,4.5654830399e-05,43,09_ARAUCANIA,9,CAUTIN,91,TEMUCO,9101,0.620937794289039,347,461,379,156,73,85,451,880,0,85,169,282,798,82,1.33937146892655,1,73,1342,24,12.4343220338983,1274,136,6,8.88559322033898,725021.453125,5464.46566656551
55,9101111003,9,REGIÓN DE LA ARAUCANÍA,91,CAUTÍN,9101,TEMUCO,TEMUCO,11,3,0.0404790659755,8.7785319602e-05,44,09_ARAUCANIA,9,CAUTIN,91,TEMUCO,9101,0.474787385060259,13,67,100,109,101,3,36,351,0,3,5,31,241,110,1.54482905982906,4,47,339,8,9.16666666666667,299,81,10,8.71282051282051,1394060.30078125,5059.3091384087
56,9101121001,9,REGIÓN DE LA ARAUCANÍA,91,CAUTÍN,9101,TEMUCO,TEMUCO,12,1,0.127814129927,0.000314621502294,45,09_ARAUCANIA,9,CAUTIN,91,TEMUCO,9101,0.716998668807723,498,210,117,46,15,229,382,275,0,229,198,184,253,22,1.22103085026336,1,20,865,21,14.6015801354402,842,37,7,8.93002257336343,4995203.1484375,16192.2589989928
57,9101121002,9,REGIÓN DE LA ARAUCANÍA,91,CAUTÍN,9101,TEMUCO,TEMUCO,12,2,0.119371918244,0.000286006877384,46,09_ARAUCANIA,9,CAUTIN,91,TEMUCO,9101,0.633623820567758,260,241,240,90,35,52,317,497,0,52,108,209,454,43,1.36391454965358,0,44,822,96,12.7401847575058,732,127,7,8.8256351039261,4542076.74609375,15231.0057767946
58,9101121003,9,REGIÓN DE LA ARAUCANÍA,91,CAUTÍN,9101,TEMUCO,TEMUCO,12,3,0.0266159087896,2.8604785349e-05,47,09_ARAUCANIA,9,CAUTIN,91,TEMUCO,9101,0.576864642764712,184,286,372,198,110,49,265,836,0,49,76,189,701,135,1.44424637681159,6,85,1059,36,11.4878260869565,879,209,62,8.69565217391304,454262.6328125,3424.77503177384
59,9101141001,9,REGIÓN DE LA ARAUCANÍA,91,CAUTÍN,9101,TEMUCO,TEMUCO,14,1,0.030792229176,3.3366517427e-05,48,09_ARAUCANIA,9,CAUTIN,91,TEMUCO,9101,0.498286453772888,53,158,185,199,170,15,97,653,0,15,25,72,466,187,1.46799564270153,6,59,700,21,9.66143790849673,677,75,13,8.84967320261438,529920.27734375,3901.34957187021
60,9101141002,9,REGIÓN DE LA ARAUCANÍA,91,CAUTÍN,9101,TEMUCO,TEMUCO,14,2,0.0336738629965,3.9260187408e-05,49,09_ARAUCANIA,9,CAUTIN,91,TEMUCO,9101,0.454915624818519,16,117,220,289,255,1,67,829,0,1,10,57,532,297,1.5763099219621,10,109,778,30,8.75473801560758,630,207,60,8.57413600891862,623475.0859375,4329.75234317148
61,9101141003,9,REGIÓN DE LA ARAUCANÍA,91,CAUTÍN,9101,TEMUCO,TEMUCO,14,3,0.0381002100954,5.7791734993e-05,50,09_ARAUCANIA,9,CAUTIN,91,TEMUCO,9101,0.53521637925046,173,285,338,310,224,51,242,1037,0,51,69,173,794,243,1.4396365914787,1,119,1210,14,10.5203007518797,1063,251,16,8.77443609022556,917793.61328125,4762.82523076986
62,9101141004,9,REGIÓN DE LA ARAUCANÍA,91,CAUTÍN,9101,TEMUCO,PORTAL SAN FRANCISCO,14,4,0.02436582324,2.6562754732e-05,51,09_ARAUCANIA,9,CAUTIN,91,TEMUCO,9101,0.528525505254579,52,150,273,185,118,8,92,678,0,8,18,74,543,135,1.54160239931448,2,81,695,6,10.3611825192802,640,132,6,8.80205655526992,421708.69140625,3114.24533257165
63,9101161001,9,REGIÓN DE LA ARAUCANÍA,91,CAUTÍN,9101,TEMUCO,TEMUCO,16,1,0.0367104296204,4.7619799771e-05,79,09_ARAUCANIA,9,CAUTIN,91,TEMUCO,9101,0.57870531087851,327,273,204,186,204,115,382,697,0,115,133,249,467,230,1.3250837520938,15,85,1094,254,11.5033500837521,983,203,8,8.79480737018426,756672.8203125,4608.61262095095
64,9101161002,9,REGIÓN DE LA ARAUCANÍA,91,CAUTÍN,9101,TEMUCO,TEMUCO,16,2,0.0270865803792,3.5950973325e-05,76,09_ARAUCANIA,9,CAUTIN,91,TEMUCO,9101,0.494189943532092,59,112,133,157,152,16,87,510,0,16,24,63,342,168,1.41935834692768,1,62,550,22,9.59380097879282,488,115,10,8.75856443719413,571296.8671875,3378.62319929816
65,9101161003,9,REGIÓN DE LA ARAUCANÍA,91,CAUTÍN,9101,TEMUCO,TEMUCO,16,3,0.0372521059114,5.362792996e-05,77,09_ARAUCANIA,9,CAUTIN,91,TEMUCO,9101,0.539050213166743,108,132,124,150,116,32,150,448,0,32,44,106,316,132,1.27793650793651,1,37,592,140,10.6,514,111,5,8.80634920634921,852126.58203125,5043.24564641769
66,9101161004,9,REGIÓN DE LA ARAUCANÍA,91,CAUTÍN,9101,TEMUCO,TEMUCO,16,4,0.0621570740052,0.000166295329473,78,09_ARAUCANIA,9,CAUTIN,91,TEMUCO,9101,0.554785236219008,174,202,177,170,154,50,230,597,0,50,71,159,419,178,1.34331052831623,5,53,819,58,10.9646522234892,715,144,18,8.77423033067275,2642337.68359375,7776.64888681728
67,9101171001,9,REGIÓN DE LA ARAUCANÍA,91,CAUTÍN,9101,TEMUCO,TEMUCO,17,1,0.0299654076821,3.7054813573e-05,81,09_ARAUCANIA,9,CAUTIN,91,TEMUCO,9101,0.667158733970567,359,248,101,75,42,153,342,330,0,153,133,209,284,46,1.09573737373737,0,14,811,33,13.4606060606061,797,28,0,8.96363636363636,588789.6171875,3661.6043072208
68,9101171002,9,REGIÓN DE LA ARAUCANÍA,91,CAUTÍN,9101,TEMUCO,TEMUCO,17,2,0.0331083400051,5.2044116021e-05,80,09_ARAUCANIA,9,CAUTIN,91,TEMUCO,9101,0.684387587021844,664,422,179,115,56,297,631,508,0,297,255,376,447,61,1.09312906220984,1,29,1406,164,13.8635097493036,1338,96,2,8.92409470752089,826977.5078125,4014.18738087445
69,9101171003,9,REGIÓN DE LA ARAUCANÍA,91,CAUTÍN,9101,TEMUCO,TEMUCO,17,3,0.0511681496082,7.2775517651e-05,72,09_ARAUCANIA,9,CAUTIN,91,TEMUCO,9101,0.647547323420215,298,237,100,69,74,125,319,334,0,125,121,198,256,78,1.1524207369323,0,28,750,98,13.047557840617,711,51,16,8.85347043701799,1156324.421875,5949.8070113719
70,9101171004,9,REGIÓN DE LA ARAUCANÍA,91,CAUTÍN,9101,TEMUCO,TEMUCO,17,4,0.0294026644861,3.2288985775e-05,73,09_ARAUCANIA,9,CAUTIN,91,TEMUCO,9101,0.641054279398113,346,287,156,119,60,135,370,463,0,135,126,244,394,69,1.15521694214876,0,31,937,80,12.8780991735537,904,63,1,8.93078512396694,513085.55078125,3479.8236431079
71,9101181001,9,REGIÓN DE LA ARAUCANÍA,91,CAUTÍN,9101,TEMUCO,TEMUCO,18,1,0.0466016176507,0.000110686105487,74,09_ARAUCANIA,9,CAUTIN,91,TEMUCO,9101,0.793252937524362,1085,163,32,28,10,670,509,139,0,670,340,169,127,12,1.07267324228629,0,13,1305,22,16.3133535660091,1311,7,0,8.99468892261002,1758555.01953125,5734.07040671141
72,9101181002,9,REGIÓN DE LA ARAUCANÍA,91,CAUTÍN,9101,TEMUCO,TEMUCO,18,2,0.0261221782564,3.4649753133e-05,75,09_ARAUCANIA,9,CAUTIN,91,TEMUCO,9101,0.633611523751875,362,198,139,115,92,111,381,414,0,111,159,222,313,101,1.08763796909492,0,13,893,82,12.7284768211921,781,125,0,8.86092715231788,550475.328125,3155.30471627546
73,9101181003,9,REGIÓN DE LA ARAUCANÍA,91,CAUTÍN,9101,TEMUCO,TEMUCO,18,3,0.0242629591374,3.6063318114e-05,62,09_ARAUCANIA,9,CAUTIN,91,TEMUCO,9101,0.675625162819187,448,203,102,81,65,201,370,328,0,201,172,198,256,72,1.06981831664813,4,18,877,92,13.6829810901001,781,117,1,8.85761957730812,572965.9921875,3056.74454294053
74,9101181004,9,REGIÓN DE LA ARAUCANÍA,91,CAUTÍN,9101,TEMUCO,TEMUCO,18,4,0.0562240379704,9.5225172847e-05,63,09_ARAUCANIA,9,CAUTIN,91,TEMUCO,9101,0.688447575851826,859,342,160,143,106,418,661,531,0,418,333,328,414,117,1.09136645962733,4,28,1578,162,13.9757763975155,1396,205,9,8.85155279503106,1512949.3671875,7135.59062528522
75,9101181005,9,REGIÓN DE LA ARAUCANÍA,91,CAUTÍN,9101,TEMUCO,TEMUCO,18,5,0.0272318623886,3.1334274252e-05,64,09_ARAUCANIA,9,CAUTIN,91,TEMUCO,9101,0.719952600742147,385,141,60,39,19,184,292,168,0,184,153,139,144,24,1.11493271221532,7,10,627,62,14.6832298136646,567,76,1,8.87888198757764,497863.15234375,3271.16133971523
76,9101181006,9,REGIÓN DE LA ARAUCANÍA,91,CAUTÍN,9101,TEMUCO,TEMUCO,18,6,0.0400854073327,6.7913027597e-05,65,09_ARAUCANIA,9,CAUTIN,91,TEMUCO,9101,0.753188656248345,619,167,46,39,18,367,352,170,0,367,181,171,148,22,1.04610048743907,0,4,885,21,15.4094488188976,869,19,1,8.97525309336333,1078897.8515625,4890.87814341127
77,9101191001,9,REGIÓN DE LA ARAUCANÍA,91,CAUTÍN,9101,TEMUCO,TEMUCO,19,1,0.0430370940125,0.000100662112875,66,09_ARAUCANIA,9,CAUTIN,91,TEMUCO,9101,0.52815346320031,97,219,253,264,153,25,168,793,0,25,43,125,617,176,1.44565584854632,1,92,893,46,10.3600405679513,807,155,24,8.77586206896552,1598696.54296875,5393.22560264019
78,9101191002,9,REGIÓN DE LA ARAUCANÍA,91,CAUTÍN,9101,TEMUCO,TEMUCO,19,2,0.0374859253156,4.121762339e-05,67,09_ARAUCANIA,9,CAUTIN,91,TEMUCO,9101,0.618099331909274,281,222,146,111,92,92,311,449,0,92,127,184,348,101,1.2358372456964,10,31,811,108,12.3826291079812,729,119,4,8.84272300469484,654723.9609375,4444.50814243701
79,9101191003,9,REGIÓN DE LA ARAUCANÍA,91,CAUTÍN,9101,TEMUCO,TEMUCO,19,3,0.0752549368626,0.000120891673821,82,09_ARAUCANIA,9,CAUTIN,91,TEMUCO,9101,0.676917129832465,797,497,269,150,64,320,758,699,0,320,328,430,624,75,1.23927968486213,7,53,1717,54,13.6989307822172,1631,142,4,8.90545863815419,1920062.19921875,9174.3909535564
80,9101191004,9,REGIÓN DE LA ARAUCANÍA,91,CAUTÍN,9101,TEMUCO,TEMUCO,19,4,0.0577133565103,6.9996649663e-05,69,09_ARAUCANIA,9,CAUTIN,91,TEMUCO,9101,0.507877122074623,185,270,311,371,340,43,267,1167,0,43,78,189,784,383,1.47034529451591,21,127,1329,174,9.89641164522681,1219,221,37,8.7914691943128,1111766.50390625,7053.51705638107
81,9101191005,9,REGIÓN DE LA ARAUCANÍA,91,CAUTÍN,9101,TEMUCO,TEMUCO,19,5,0.0277614249005,3.8835672843e-05,70,09_ARAUCANIA,9,CAUTIN,91,TEMUCO,9101,0.566478989603737,302,408,282,254,223,67,441,961,0,67,143,298,722,239,1.2976060812344,8,82,1379,94,11.211027910143,1269,180,20,8.84138869979578,616848.60546875,3547.65062774162
82,9101191006,9,REGIÓN DE LA ARAUCANÍA,91,CAUTÍN,9101,TEMUCO,TEMUCO,19,6,0.0840073905649,0.000260006509417,71,09_ARAUCANIA,9,CAUTIN,91,TEMUCO,9101,0.778502563804131,505,79,32,12,11,275,268,96,0,275,187,81,82,14,1.14937402190923,0,8,631,4,15.9843505477308,624,14,1,8.97496087636933,4130081.84375,10411.5237958495
83,9102011001,9,REGIÓN DE LA ARAUCANÍA,91,CAUTÍN,9102,CARAHUE,CARAHUE,1,1,0.0486268172434,0.000105919955063,83,09_ARAUCANIA,9,CAUTIN,91,CARAHUE,9102,0.49083923510881,69,118,140,155,187,14,118,537,0,14,34,84,332,205,1.30969108121574,5,47,617,10,9.51718983557549,535,129,5,8.75784753363229,1682157.38671875,6169.06867705225
84,9102021001,9,REGIÓN DE LA ARAUCANÍA,91,CAUTÍN,9102,CARAHUE,CARAHUE,2,1,0.080446995842,0.00012622588915,84,09_ARAUCANIA,9,CAUTIN,91,CARAHUE,9102,0.475105560636182,149,199,353,290,438,31,191,1207,0,31,78,113,730,477,1.36076510380219,7,91,1331,11,9.20643806857943,945,442,42,8.592722183345,2004589.484375,9829.08996054857
85,9102021002,9,REGIÓN DE LA ARAUCANÍA,91,CAUTÍN,9102,CARAHUE,CARAHUE,2,2,0.0560429247359,0.000109512412743,86,09_ARAUCANIA,9,CAUTIN,91,CARAHUE,9102,0.449030899718548,86,142,288,261,415,22,125,1045,0,22,36,89,586,459,1.46838646532438,5,130,1057,23,8.63255033557047,734,414,44,8.53104026845638,1739095.29296875,6765.22312879884
86,9102081001,9,REGIÓN DE LA ARAUCANÍA,91,CAUTÍN,9102,CARAHUE,TROVOLHUE,8,1,0.109824670891,0.0001859075642,85,09_ARAUCANIA,9,CAUTIN,91,CARAHUE,9102,0.399734756824974,38,61,83,158,287,14,56,557,0,14,12,44,256,301,1.19946836788942,1,28,598,4,7.46411483253589,456,162,9,8.70334928229665,2949161.25,13492.1566064187
87,9103011001,9,REGIÓN DE LA ARAUCANÍA,91,CAUTÍN,9103,CUNCO,CUNCO,1,1,0.0613373372572,0.000107407198357,89,09_ARAUCANIA,9,CAUTIN,91,CUNCO,9103,0.527951113462787,93,100,102,88,120,33,110,360,0,33,43,67,226,134,1.14764744864148,0,29,474,32,10.3499005964215,406,92,5,8.79125248508946,1710993.54296875,7439.5188349059
88,9103021001,9,REGIÓN DE LA ARAUCANÍA,91,CAUTÍN,9103,CUNCO,CUNCO,2,1,0.0632018243869,0.000112777496408,87,09_ARAUCANIA,9,CAUTIN,91,CUNCO,9103,0.474673649848888,64,105,147,151,202,17,99,553,0,17,35,64,332,221,1.29496761335326,4,44,621,44,9.20179372197309,435,217,17,8.57548579970105,1796521.6015625,7801.35738879646
89,9103021002,9,REGIÓN DE LA ARAUCANÍA,91,CAUTÍN,9103,CUNCO,CUNCO,2,2,0.0823525097267,0.000208035681618,88,09_ARAUCANIA,9,CAUTIN,91,CUNCO,9103,0.461107908570497,65,112,255,282,319,9,103,921,0,9,39,64,561,360,1.44843497902549,7,95,931,12,8.91771539206196,628,364,41,8.49080348499516,3314448.87109375,10169.455252767
90,9103101001,9,REGIÓN DE LA ARAUCANÍA,91,CAUTÍN,9103,CUNCO,LOS LAURELES,10,1,0.0556206745072,9.8395178399e-05,90,09_ARAUCANIA,9,CAUTIN,91,CUNCO,9103,0.433195083864932,26,60,99,119,200,11,39,454,0,11,8,31,242,212,1.24103835978836,2,25,477,6,8.23015873015873,374,115,15,8.68055555555556,1568744.44140625,6749.90789764131
91,9104011001,9,REGIÓN DE LA ARAUCANÍA,91,CAUTÍN,9104,CURARREHUE,CURARREHUE,1,1,0.071216114002,0.000143428889534,91,09_ARAUCANIA,9,CAUTIN,91,CURARREHUE,9104,0.478777473945127,92,93,144,157,217,31,99,573,0,31,41,58,338,235,1.35348506401138,3,69,631,4,9.27169274537696,499,183,21,8.65718349928876,2298850.96484375,9078.77505534026
92,9105011001,9,REGIÓN DE LA ARAUCANÍA,91,CAUTÍN,9105,FREIRE,FREIRE,1,1,0.0451082058192,7.0955245576e-05,92,09_ARAUCANIA,9,CAUTIN,91,FREIRE,9105,0.486630800762027,88,101,124,181,193,22,105,560,0,22,40,65,339,221,1.41627850557982,2,72,613,40,9.42212518195051,543,136,8,8.75982532751092,1130672.3515625,5809.76987064413
93,9105011002,9,REGIÓN DE LA ARAUCANÍA,91,CAUTÍN,9105,FREIRE,FREIRE,1,2,0.0269119369322,4.4708238165e-05,96,09_ARAUCANIA,9,CAUTIN,91,FREIRE,9105,0.489758109303834,58,145,228,284,206,13,92,816,0,13,32,60,574,242,1.46355410785378,2,83,836,22,9.5114006514658,706,161,54,8.69381107491857,712507.76171875,3474.5986144932
94,9105021001,9,REGIÓN DE LA ARAUCANÍA,91,CAUTÍN,9105,FREIRE,QUEPE,2,1,0.0726363808271,7.7906538959e-05,95,09_ARAUCANIA,9,CAUTIN,91,FREIRE,9105,0.496181572528719,48,113,167,158,151,12,79,546,0,12,23,56,384,162,1.37111459968603,0,47,590,24,9.64678178963893,490,133,14,8.72998430141287,1239960.30859375,9298.6904523634
95,9105061001,9,REGIÓN DE LA ARAUCANÍA,91,CAUTÍN,9105,FREIRE,FREIRE,6,1,0.0111087848865,4.451964842e-06,93,09_ARAUCANIA,9,CAUTIN,91,FREIRE,9105,0.451419584936928,1,2,3,5,7,1,2,15,0,1,0,2,7,8,1.20833333333333,0,0,18,6,8.66666666666667,13,4,1,8.61111111111111,70942.08203125,1441.14845134381
96,9105091001,9,REGIÓN DE LA ARAUCANÍA,91,CAUTÍN,9105,FREIRE,QUEPE,9,1,0.0314868364128,1.8493374087e-05,94,09_ARAUCANIA,9,CAUTIN,91,FREIRE,9105,0.432237433562675,3,3,12,8,18,0,3,41,0,0,0,3,22,19,1.29734848484848,0,2,42,0,8.22727272727273,30,14,0,8.61363636363636,294333.08984375,4332.11161999965
97,9106011001,9,REGIÓN DE LA ARAUCANÍA,91,CAUTÍN,9106,GALVARINO,GALVARINO,1,1,0.0691824868072,0.000130970948164,97,09_ARAUCANIA,9,CAUTIN,91,GALVARINO,9106,0.464538202914335,122,176,260,276,374,38,157,1013,0,38,57,100,606,407,1.3953504415011,3,109,1096,22,8.9453642384106,852,346,10,8.66970198675497,2071349.3125,8360.46295749537
98,9107011001,9,REGIÓN DE LA ARAUCANÍA,91,CAUTÍN,9107,GORBEA,GORBEA,1,1,0.0537507313714,7.1326336264e-05,102,09_ARAUCANIA,9,CAUTIN,91,GORBEA,9107,0.475883639561309,88,169,201,262,301,19,150,852,0,19,46,104,521,331,1.38147241266732,9,74,938,62,9.19882468168462,768,226,27,8.68560235063663,1138947.109375,6548.01281155048
99,9107011002,9,REGIÓN DE LA ARAUCANÍA,91,CAUTÍN,9107,GORBEA,GORBEA,1,2,0.0623819462753,9.9168998903e-05,101,09_ARAUCANIA,9,CAUTIN,91,GORBEA,9107,0.474506631866458,73,77,120,140,197,36,70,501,0,36,22,48,284,217,1.36707852828116,7,46,554,76,9.16968698517298,450,141,16,8.68039538714992,1583727.32421875,8005.32599257176
100,9107011003,9,REGIÓN DE LA ARAUCANÍA,91,CAUTÍN,9107,GORBEA,GORBEA,1,3,0.0674068702863,0.00010380359041,98,09_ARAUCANIA,9,CAUTIN,91,GORBEA,9107,0.477533207241005,38,96,133,160,163,12,62,516,0,12,15,47,339,177,1.4266384180791,7,44,539,21,9.20847457627119,475,112,3,8.78474576271186,1657412.58203125,8477.26153070277
101,9107021001,9,REGIÓN DE LA ARAUCANÍA,91,CAUTÍN,9107,GORBEA,GORBEA,2,1,0.0651330185068,0.000158613575706,99,09_ARAUCANIA,9,CAUTIN,91,GORBEA,9107,0.518472497222785,62,118,103,123,115,16,112,393,0,16,31,81,271,122,1.24974408189379,0,37,484,4,10.1535508637236,407,107,7,8.7236084452975,2532789.56640625,8911.10159665727
102,9107071001,9,REGIÓN DE LA ARAUCANÍA,91,CAUTÍN,9107,GORBEA,LASTARRIA,7,1,0.081394899567,0.000127789697924,100,09_ARAUCANIA,9,CAUTIN,91,GORBEA,9107,0.417351206198463,17,60,92,160,226,3,46,506,0,3,10,36,252,254,1.25588588588589,0,36,519,4,7.89009009009009,390,149,16,8.61081081081081,2044513.484375,10040.1666310443
103,9109011001,9,REGIÓN DE LA ARAUCANÍA,91,CAUTÍN,9109,LONCOCHE,LONCOCHE,1,1,0.0600252797066,0.000161062123709,103,09_ARAUCANIA,9,CAUTIN,91,LONCOCHE,9109,0.480543761057923,129,229,313,447,399,25,203,1289,0,25,84,119,847,442,1.34869259503406,9,120,1388,22,9.32696110744891,1047,380,90,8.60316413974951,2581971.45703125,7525.39591995972
104,9109011002,9,REGIÓN DE LA ARAUCANÍA,91,CAUTÍN,9109,LONCOCHE,LONCOCHE,1,2,0.0561317761462,0.000108324204898,104,09_ARAUCANIA,9,CAUTIN,91,LONCOCHE,9109,0.511084328629468,173,258,328,324,324,56,251,1100,0,56,85,166,751,349,1.30867093105899,9,86,1312,24,9.97654584221748,1112,281,14,8.75835110163468,1736380.62109375,6956.08661323201
105,9109011003,9,REGIÓN DE LA ARAUCANÍA,91,CAUTÍN,9109,LONCOCHE,LONCOCHE,1,3,0.0499751538096,7.1642695298e-05,107,09_ARAUCANIA,9,CAUTIN,91,LONCOCHE,9109,0.49375152749752,65,170,301,294,243,11,136,926,0,11,35,101,655,271,1.4784715750233,5,123,945,27,9.60484622553588,782,274,17,8.68406337371855,1148315.70703125,6184.00161596708
106,9109021001,9,REGIÓN DE LA ARAUCANÍA,91,CAUTÍN,9109,LONCOCHE,LONCOCHE,2,1,0.0625232457763,0.000151463060316,105,09_ARAUCANIA,9,CAUTIN,91,LONCOCHE,9109,0.443102059240658,60,146,169,284,348,21,102,884,0,21,26,76,499,385,1.2664515061238,4,69,934,25,8.44786494538232,752,241,14,8.70705064548163,2427650.48828125,7760.86143519068
107,9109081001,9,REGIÓN DE LA ARAUCANÍA,91,CAUTÍN,9109,LONCOCHE,HUISCAPI,8,1,0.0771345585337,0.000180528797919,106,09_ARAUCANIA,9,CAUTIN,91,LONCOCHE,9109,0.436568664593177,18,56,75,106,148,4,39,360,0,4,10,29,203,157,1.27278742762614,1,30,372,16,8.29280397022332,300,103,0,8.73200992555831,2890726.4921875,9222.86972639315
108,9110011001,9,REGIÓN DE LA ARAUCANÍA,91,CAUTÍN,9110,MELIPEUCO,MELIPEUCO,1,1,0.0707316185204,0.000170755245282,108,09_ARAUCANIA,9,CAUTIN,91,MELIPEUCO,9110,0.48978653292789,83,142,198,191,218,24,128,680,0,24,45,83,439,241,1.29074519230769,2,54,776,29,9.53125,583,231,18,8.62259615384615,2717100.6796875,8432.67616965316
109,9111011001,9,REGIÓN DE LA ARAUCANÍA,91,CAUTÍN,9111,NUEVA IMPERIAL,NUEVA IMPERIAL,1,1,0.0380893628171,6.1586450971e-05,115,09_ARAUCANIA,9,CAUTIN,91,NUEVA_IMPERIAL,9111,0.596586925408358,112,103,65,65,46,42,120,229,0,42,49,71,180,49,1.22122762148338,2,17,372,37,11.8900255754476,340,48,3,8.85677749360614,978528.4453125,4816.34085655591
110,9111021001,9,REGIÓN DE LA ARAUCANÍA,91,CAUTÍN,9111,NUEVA IMPERIAL,NUEVA IMPERIAL,2,1,0.089437143835,0.00016990298801,109,09_ARAUCANIA,9,CAUTIN,91,NUEVA_IMPERIAL,9111,0.501802105675799,216,266,278,294,379,57,271,1105,0,57,96,175,706,399,1.35145382647127,5,119,1309,6,9.78227494766225,1096,264,73,8.69993021632938,2699322.50390625,10938.1939925934
111,9111021002,9,REGIÓN DE LA ARAUCANÍA,91,CAUTÍN,9111,NUEVA IMPERIAL,NUEVA IMPERIAL,2,2,0.0267575355918,2.3127231989e-05,110,09_ARAUCANIA,9,CAUTIN,91,NUEVA_IMPERIAL,9111,0.514458624274985,73,159,311,229,184,11,124,821,0,11,33,91,616,205,1.52717921896792,3,97,856,2,10.0774058577406,703,228,25,8.67468619246862,367405.87109375,3486.93357975716
112,9111021003,9,REGIÓN DE LA ARAUCANÍA,91,CAUTÍN,9111,NUEVA IMPERIAL,NUEVA IMPERIAL,2,3,0.022998817945,2.6093855531e-05,111,09_ARAUCANIA,9,CAUTIN,91,NUEVA_IMPERIAL,9111,0.498465029044463,67,129,275,196,201,11,104,753,0,11,26,78,522,231,1.57459677419355,5,116,747,8,9.71428571428571,610,256,2,8.67626728110599,414535,3059.01832570357
113,9111031001,9,REGIÓN DE LA ARAUCANÍA,91,CAUTÍN,9111,NUEVA IMPERIAL,NUEVA IMPERIAL,3,1,0.031534262447,6.2812959869e-05,112,09_ARAUCANIA,9,CAUTIN,91,NUEVA_IMPERIAL,9111,0.479173037355344,27,31,51,44,64,10,29,178,0,10,8,21,106,72,1.36689708141321,0,16,201,0,9.26728110599078,170,33,14,8.70506912442396,997987.62890625,3897.93102574061
114,9111041001,9,REGIÓN DE LA ARAUCANÍA,91,CAUTÍN,9111,NUEVA IMPERIAL,NUEVA IMPERIAL,4,1,0.0360635532748,5.9415679132e-05,113,09_ARAUCANIA,9,CAUTIN,91,NUEVA_IMPERIAL,9111,0.524864690463368,146,142,165,152,182,43,177,567,0,43,65,112,370,197,1.31607369758577,4,62,721,34,10.2998729351969,592,187,8,8.72172808132147,944039.75390625,4435.12903001681
115,9111041002,9,REGIÓN DE LA ARAUCANÍA,91,CAUTÍN,9111,NUEVA IMPERIAL,NUEVA IMPERIAL,4,2,0.0411708193724,6.3015585497e-05,114,09_ARAUCANIA,9,CAUTIN,91,NUEVA_IMPERIAL,9111,0.483893307408285,79,128,191,206,211,17,108,690,0,17,35,73,460,230,1.36662576687117,2,52,761,27,9.36196319018405,632,177,6,8.75092024539877,1001316.60546875,4857.2190435048
116,9112041001,9,REGIÓN DE LA ARAUCANÍA,91,CAUTÍN,9112,PADRE LAS CASAS,PADRE LAS CASAS,4,1,0.0581171765876,9.0384403744e-05,116,09_ARAUCANIA,9,CAUTIN,91,PADRE_LAS_CASAS,9112,0.623322285483429,166,140,83,48,49,54,179,253,0,54,83,96,199,54,1.16289437585734,1,7,478,2,12.5020576131687,425,58,3,8.83333333333333,1436311.94140625,7139.67572741119
117,9112041002,9,REGIÓN DE LA ARAUCANÍA,91,CAUTÍN,9112,PADRE LAS CASAS,PADRE LAS CASAS,4,2,0.0267793253184,3.2583317174e-05,117,09_ARAUCANIA,9,CAUTIN,91,PADRE_LAS_CASAS,9112,0.523603971877973,104,212,228,216,190,27,174,749,0,27,53,121,549,200,1.31105263157895,3,65,882,20,10.2526315789474,767,181,2,8.78736842105263,517843.75390625,3369.47237790879
118,9112041003,9,REGIÓN DE LA ARAUCANÍA,91,CAUTÍN,9112,PADRE LAS CASAS,PADRE LAS CASAS,4,3,0.0598581196481,4.6232616715e-05,118,09_ARAUCANIA,9,CAUTIN,91,PADRE_LAS_CASAS,9112,0.458397348624847,34,77,172,176,207,5,63,598,0,5,18,45,376,222,1.48483483483483,3,73,590,16,8.81531531531532,470,174,22,8.63813813813814,734714.85546875,7589.40673647225
119,9112041004,9,REGIÓN DE LA ARAUCANÍA,91,CAUTÍN,9112,PADRE LAS CASAS,PADRE LAS CASAS,4,4,0.0427868278167,4.8373957672e-05,122,09_ARAUCANIA,9,CAUTIN,91,PADRE_LAS_CASAS,9112,0.528984226250023,74,118,129,102,113,32,98,406,0,32,27,71,283,123,1.36290422885572,3,33,500,32,10.3712686567164,444,87,5,8.80223880597015,768733.73828125,5342.37574724431
120,9112041005,9,REGIÓN DE LA ARAUCANÍA,91,CAUTÍN,9112,PADRE LAS CASAS,PADRE LAS CASAS,4,5,0.0228789324203,2.5877876668e-05,119,09_ARAUCANIA,9,CAUTIN,91,PADRE_LAS_CASAS,9112,0.499934290622724,65,114,137,140,150,16,96,494,0,16,34,62,330,164,1.36342134213421,4,44,558,22,9.72607260726073,473,125,8,8.75082508250825,411257.1015625,2830.89901494945
121,9112041006,9,REGIÓN DE LA ARAUCANÍA,91,CAUTÍN,9112,PADRE LAS CASAS,PADRE LAS CASAS,4,6,0.0504934073563,2.0811171254e-05,120,09_ARAUCANIA,9,CAUTIN,91,PADRE_LAS_CASAS,9112,0.46089391016728,8,23,40,50,51,1,19,152,0,1,7,12,95,57,1.61986434108527,2,32,138,20,8.88953488372093,116,50,6,8.58139534883721,330681.90625,6064.05608240288
122,9112051001,9,REGIÓN DE LA ARAUCANÍA,91,CAUTÍN,9112,PADRE LAS CASAS,PADRE LAS CASAS,5,1,0.0334802373919,4.0681312165e-05,121,09_ARAUCANIA,9,CAUTIN,91,PADRE_LAS_CASAS,9112,0.529820690928545,171,297,325,303,253,48,253,1048,0,48,60,193,768,280,1.37204101803805,5,94,1250,24,10.3973313565604,1085,257,7,8.77538917716827,646563.60546875,4114.53621467973
123,9112051002,9,REGIÓN DE LA ARAUCANÍA,91,CAUTÍN,9112,PADRE LAS CASAS,PADRE LAS CASAS,5,2,0.032489499101,4.4347546356e-05,130,09_ARAUCANIA,9,CAUTIN,91,PADRE_LAS_CASAS,9112,0.494999827736704,57,110,239,235,186,7,107,713,0,7,29,78,497,216,1.46019750100766,7,76,744,26,9.65538089480048,549,258,20,8.60459492140266,704812.0703125,4147.20995313754
124,9112051003,9,REGIÓN DE LA ARAUCANÍA,91,CAUTÍN,9112,PADRE LAS CASAS,PADRE LAS CASAS,5,3,0.0179339701834,1.6565337809e-05,123,09_ARAUCANIA,9,CAUTIN,91,PADRE_LAS_CASAS,9112,0.523741878296782,95,189,249,203,163,22,154,723,0,22,41,113,552,171,1.46742677048572,7,74,818,32,10.2491657397108,771,120,8,8.81423804226919,263289.10546875,2174.34380427519
125,9112051004,9,REGIÓN DE LA ARAUCANÍA,91,CAUTÍN,9112,PADRE LAS CASAS,PADRE LAS CASAS,5,4,0.0349671297737,6.1782750859e-05,124,09_ARAUCANIA,9,CAUTIN,91,PADRE_LAS_CASAS,9112,0.519338303179177,196,321,404,371,340,56,268,1308,0,56,86,182,934,374,1.43583537581699,11,139,1482,66,10.1703431372549,1264,349,19,8.73835784313725,981992.10546875,4458.512401709
126,9112051005,9,REGIÓN DE LA ARAUCANÍA,91,CAUTÍN,9112,PADRE LAS CASAS,PADRE LAS CASAS,5,5,0.0227415885948,2.0354089452e-05,125,09_ARAUCANIA,9,CAUTIN,91,PADRE_LAS_CASAS,9112,0.644107868660068,200,150,164,56,24,53,210,331,0,53,101,109,305,26,1.34452861952862,0,17,577,12,12.9579124579125,536,55,3,8.89393939393939,323535.96875,2731.78289814926
127,9112051006,9,REGIÓN DE LA ARAUCANÍA,91,CAUTÍN,9112,PADRE LAS CASAS,PADRE LAS CASAS,5,6,0.0308310427765,4.1503025576e-05,126,09_ARAUCANIA,9,CAUTIN,91,PADRE_LAS_CASAS,9112,0.593493587985515,227,387,434,210,84,53,331,958,0,53,96,235,865,93,1.38350720317933,2,65,1275,14,11.8166915052161,1188,151,3,8.86736214605067,659711.01953125,3758.33364094991
128,9112051007,9,REGIÓN DE LA ARAUCANÍA,91,CAUTÍN,9112,PADRE LAS CASAS,PADRE LAS CASAS,5,7,0.0304105069702,4.1185995612e-05,127,09_ARAUCANIA,9,CAUTIN,91,PADRE_LAS_CASAS,9112,0.594865468961105,103,227,194,99,38,19,179,463,0,19,52,127,424,39,1.33741805345436,0,35,626,2,11.8290468986384,621,38,2,8.93343419062027,654636.69140625,3771.98885412606
129,9112061001,9,REGIÓN DE LA ARAUCANÍA,91,CAUTÍN,9112,PADRE LAS CASAS,PADRE LAS CASAS,6,1,0.0539031206659,0.000104861377744,128,09_ARAUCANIA,9,CAUTIN,91,PADRE_LAS_CASAS,9112,0.585066542929848,400,477,575,334,205,109,483,1399,0,109,188,295,1162,237,1.47809308555165,4,160,1827,44,11.6348568558513,1691,294,6,8.83576092415871,1666728.1640625,6580.42687074782
130,9112071001,9,REGIÓN DE LA ARAUCANÍA,91,CAUTÍN,9112,PADRE LAS CASAS,SAN RAMÓN,7,1,0.0502879239223,8.0709899695e-05,129,09_ARAUCANIA,9,CAUTIN,91,PADRE_LAS_CASAS,9112,0.473987897429212,35,117,282,272,244,2,83,865,0,2,20,63,584,281,1.45336842105263,1,90,859,8,9.17684210526316,645,280,25,8.60947368421053,1284606.828125,6373.73513088708
131,9113011001,9,REGIÓN DE LA ARAUCANÍA,91,CAUTÍN,9113,PERQUENCO,PERQUENCO,1,1,0.0817376278623,0.000231811857051,131,09_ARAUCANIA,9,CAUTIN,91,PERQUENCO,9113,0.478981429670467,95,157,256,293,324,30,143,952,0,30,34,109,597,355,1.40522962962963,6,98,1021,20,9.26933333333333,825,274,26,8.68355555555556,3666696.13671875,10261.1094156094
132,9114011001,9,REGIÓN DE LA ARAUCANÍA,91,CAUTÍN,9114,PITRUFQUÉN,PITRUFQUÉN,1,1,0.0432322746271,9.1466768644e-05,135,09_ARAUCANIA,9,CAUTIN,91,PITRUFQUEN,9114,0.547267581585554,177,198,144,158,172,60,218,571,0,60,75,143,381,190,1.20441696113074,2,40,807,14,10.8103651354535,643,185,21,8.71142520612485,1458262.8515625,5226.20898426063
133,9114011002,9,REGIÓN DE LA ARAUCANÍA,91,CAUTÍN,9114,PITRUFQUÉN,PITRUFQUÉN,1,2,0.0484035567692,0.000100069094797,132,09_ARAUCANIA,9,CAUTIN,91,PITRUFQUEN,9114,0.556214643611008,153,143,138,134,129,56,157,484,0,56,71,86,341,143,1.24531324725012,4,39,654,34,11.0043041606887,539,150,8,8.74605451936872,1595282.8203125,6094.55807381229
134,9114011003,9,REGIÓN DE LA ARAUCANÍA,91,CAUTÍN,9114,PITRUFQUÉN,PITRUFQUÉN,1,3,0.0557611294577,6.9030860634e-05,133,09_ARAUCANIA,9,CAUTIN,91,PITRUFQUEN,9114,0.552349099650325,78,101,126,82,77,19,109,336,0,19,42,67,251,85,1.29780890804598,1,25,438,8,10.9310344827586,346,109,9,8.69396551724138,1100629.99609375,6853.34125988484
135,9114021001,9,REGIÓN DE LA ARAUCANÍA,91,CAUTÍN,9114,PITRUFQUÉN,PITRUFQUÉN,2,1,0.0437289053913,4.1904710753e-05,134,09_ARAUCANIA,9,CAUTIN,91,PITRUFQUEN,9114,0.478562992732395,52,124,247,270,231,7,94,823,0,7,23,71,559,264,1.47620851370851,2,87,835,8,9.29112554112554,625,256,43,8.57251082251082,668005.1953125,5469.3877636205
136,9114021002,9,REGIÓN DE LA ARAUCANÍA,91,CAUTÍN,9114,PITRUFQUÉN,PITRUFQUÉN,2,2,0.0654234454053,8.9809431548e-05,137,09_ARAUCANIA,9,CAUTIN,91,PITRUFQUEN,9114,0.500667182928399,115,163,223,238,238,29,169,779,0,29,61,108,514,265,1.34972705561242,5,72,900,28,9.76560900716479,701,253,23,8.66837256908905,1431753.79296875,8280.06581155894
137,9114021003,9,REGIÓN DE LA ARAUCANÍA,91,CAUTÍN,9114,PITRUFQUÉN,PITRUFQUÉN,2,3,0.0582033502133,0.000110116568957,136,09_ARAUCANIA,9,CAUTIN,91,PITRUFQUEN,9114,0.512438940988799,86,182,400,319,220,10,152,1045,0,10,51,101,786,259,1.55538525269263,9,129,1069,22,10.0215410107705,894,298,15,8.71168185584093,1755533.3046875,7110.43636596444
138,9115011001,9,REGIÓN DE LA ARAUCANÍA,91,CAUTÍN,9115,PUCÓN,PUCÓN,1,1,0.0696728355362,0.000111223252677,138,09_ARAUCANIA,9,CAUTIN,91,PUCON,9115,0.638010454081954,91,49,31,24,26,40,84,97,0,40,38,46,68,29,1.06266968325792,1,6,214,4,12.841628959276,185,35,1,8.80995475113122,1780381.36328125,8641.19190913738
139,9115011002,9,REGIÓN DE LA ARAUCANÍA,91,CAUTÍN,9115,PUCÓN,PUCÓN,1,2,0.0710423334048,0.000209653234845,139,09_ARAUCANIA,9,CAUTIN,91,PUCON,9115,0.629352896277439,176,111,89,54,53,64,172,247,0,64,85,87,191,56,1.17860593512767,2,14,467,12,12.656314699793,383,100,0,8.77225672877847,3355991.01171875,8795.04488371514
140,9115021001,9,REGIÓN DE LA ARAUCANÍA,91,CAUTÍN,9115,PUCÓN,PUCÓN,2,1,0.12526681707,0.000323297399005,140,09_ARAUCANIA,9,CAUTIN,91,PUCON,9115,0.536220716388049,151,102,157,126,164,55,151,494,0,55,69,82,314,180,1.46954761904762,11,68,621,55,10.58,489,195,16,8.64571428571429,5176118.375,15578.5396322792
141,9115021002,9,REGIÓN DE LA ARAUCANÍA,91,CAUTÍN,9115,PUCÓN,PUCÓN,2,2,0.116870234465,0.00025766092996,143,09_ARAUCANIA,9,CAUTIN,91,PUCON,9115,0.536221360356823,210,283,340,327,261,63,289,1069,0,63,92,197,778,291,1.40353037766831,6,130,1285,36,10.5439831104856,1136,262,23,8.77128782547502,4125396.15234375,14389.4995455648
142,9115021003,9,REGIÓN DE LA ARAUCANÍA,91,CAUTÍN,9115,PUCÓN,PUCÓN,2,3,0.0448452067883,7.0994935003e-05,141,09_ARAUCANIA,9,CAUTIN,91,PUCON,9115,0.538697709041268,185,183,235,231,192,60,229,737,0,60,85,144,526,211,1.31317413905133,3,79,944,40,10.6267056530214,733,273,20,8.67543859649123,1136544.20703125,5538.23238022936
143,9115021004,9,REGIÓN DE LA ARAUCANÍA,91,CAUTÍN,9115,PUCÓN,PUCÓN,2,4,0.107501752705,0.000322311638178,142,09_ARAUCANIA,9,CAUTIN,91,PUCON,9115,0.562193642637406,264,308,405,296,195,72,330,1066,0,72,124,206,836,230,1.39685513169846,4,114,1350,39,11.1628065395095,1042,400,26,8.66621253405995,5160115.68359375,13515.104911556
144,9116011001,9,REGIÓN DE LA ARAUCANÍA,91,CAUTÍN,9116,SAAVEDRA,PUERTO SAAVEDRA,1,1,0.0910440644164,0.000224325108138,144,09_ARAUCANIA,9,CAUTIN,91,PUERTO_SAAVEDRA,9116,0.474284777605467,96,135,180,211,275,28,134,735,0,28,55,79,445,290,1.28011891490152,4,67,826,8,9.15273132664437,678,209,10,8.71683389074693,3566429.45703125,11796.3963725558
145,9117051001,9,REGIÓN DE LA ARAUCANÍA,91,CAUTÍN,9117,TEODORO SCHMIDT,TEODORO SCHMIDT,5,1,0.0664080812971,0.000176052175075,146,09_ARAUCANIA,9,CAUTIN,91,TEODORO_SCHMIDT,9117,0.463023965685933,98,145,165,248,335,28,137,826,0,28,45,92,464,362,1.28614194416414,0,65,926,20,8.8869828456105,783,193,15,8.75378405650858,2807036.79296875,8099.21293375016
146,9117071001,9,REGIÓN DE LA ARAUCANÍA,91,CAUTÍN,9117,TEODORO SCHMIDT,GUALPÍN,7,1,0.0890026739452,0.000160356406901,145,09_ARAUCANIA,9,CAUTIN,91,TEODORO_SCHMIDT,9117,0.449229713927912,58,94,155,260,289,17,89,750,0,17,27,62,428,322,1.34528816199377,3,63,790,26,8.57242990654206,680,157,19,8.76051401869159,2560123.1015625,11139.0826765979
147,9118011001,9,REGIÓN DE LA ARAUCANÍA,91,CAUTÍN,9118,TOLTÉN,NUEVA TOLTÉN,1,1,0.0573550074338,0.000131163693951,147,09_ARAUCANIA,9,CAUTIN,91,TOLTEN,9118,0.503291290595157,129,137,177,183,230,41,160,655,0,41,58,102,396,259,1.22716121495327,3,48,805,12,9.83294392523364,595,231,30,8.63785046728972,2096780.1015625,6892.10280742648
148,9118021001,9,REGIÓN DE LA ARAUCANÍA,91,CAUTÍN,9118,TOLTÉN,QUEULE,2,1,0.0770508682998,0.000155522062073,148,09_ARAUCANIA,9,CAUTIN,91,TOLTEN,9118,0.451687031949444,27,49,77,134,130,11,43,363,0,11,13,30,223,140,1.20951239008793,2,26,389,14,8.66187050359712,292,106,19,8.6378896882494,2493922.5,9268.83345465217
149,9119011001,9,REGIÓN DE LA ARAUCANÍA,91,CAUTÍN,9119,VILCÚN,VILCÚN,1,1,0.0595944471258,0.000143759564058,153,09_ARAUCANIA,9,CAUTIN,91,VILCUN,9119,0.510656367752747,144,169,284,228,260,30,203,852,0,30,58,145,570,282,1.32748079877112,2,79,1004,28,9.99815668202765,753,316,16,8.64700460829493,2281679.44140625,7331.86118601974
150,9119011002,9,REGIÓN DE LA ARAUCANÍA,91,CAUTÍN,9119,VILCÚN,VILCÚN,1,2,0.0680672480047,0.000129680207441,149,09_ARAUCANIA,9,CAUTIN,91,VILCUN,9119,0.471374639863681,59,132,243,278,268,13,101,866,0,13,27,74,562,304,1.47874149659864,5,99,876,6,9.11428571428571,657,305,18,8.62142857142857,2058294.7421875,8426.70852048127
151,9119031001,9,REGIÓN DE LA ARAUCANÍA,91,CAUTÍN,9119,VILCÚN,CHERQUENCO,3,1,0.0733217988084,0.000171741769621,150,09_ARAUCANIA,9,CAUTIN,91,VILCUN,9119,0.403277420536209,27,71,87,208,281,5,52,617,0,5,14,38,296,321,1.35244807121662,8,39,627,26,7.54896142433234,517,126,31,8.69139465875371,2726349.4765625,9026.59442672474
152,9119051001,9,REGIÓN DE LA ARAUCANÍA,91,CAUTÍN,9119,VILCÚN,GENERAL LÓPEZ,5,1,0.0411460570843,4.5367142524e-05,151,09_ARAUCANIA,9,CAUTIN,91,VILCUN,9119,0.546856544067265,72,51,52,52,71,32,64,202,0,32,30,34,127,75,1.33165548098434,3,19,276,6,10.7651006711409,253,45,0,8.84228187919463,720275.99609375,5053.57147472854
153,9119101001,9,REGIÓN DE LA ARAUCANÍA,91,CAUTÍN,9119,VILCÚN,CAJÓN,10,1,0.0560176776197,0.000115009284876,152,09_ARAUCANIA,9,CAUTIN,91,VILCUN,9119,0.581456120668516,322,485,476,277,180,92,440,1208,0,92,129,311,1009,199,1.36789272030651,5,121,1614,26,11.5655172413793,1432,289,19,8.78850574712644,1825645.203125,7042.76847604442
154,9120011001,9,REGIÓN DE LA ARAUCANÍA,91,CAUTÍN,9120,VILLARRICA,VILLARRICA,1,1,0.0433105314663,6.8482144895e-05,154,09_ARAUCANIA,9,CAUTIN,91,VILLARRICA,9120,0.55736969446144,191,170,155,141,150,65,214,528,0,65,81,133,369,159,1.26571664601404,3,47,757,22,11.003717472119,695,103,9,8.84138785625774,1096281.43359375,5452.23208166012
155,9120011002,9,REGIÓN DE LA ARAUCANÍA,91,CAUTÍN,9120,VILLARRICA,VILLARRICA,1,2,0.0512847422616,8.1402767746e-05,158,09_ARAUCANIA,9,CAUTIN,91,VILLARRICA,9120,0.564400175116585,260,214,166,152,200,95,292,605,0,95,122,170,391,214,1.24645497311828,10,62,920,78,11.1935483870968,786,183,23,8.73487903225806,1303192.9453125,6446.01047755733
156,9120021001,9,REGIÓN DE LA ARAUCANÍA,91,CAUTÍN,9120,VILLARRICA,VILLARRICA,2,1,0.0880768788821,0.000133724513539,155,09_ARAUCANIA,9,CAUTIN,91,VILLARRICA,9120,0.574170147209114,285,166,182,158,177,110,271,587,0,110,126,145,392,195,1.2366391184573,6,62,900,56,11.4338842975207,690,265,13,8.66735537190083,2141008.86328125,11071.7610620496
157,9120031001,9,REGIÓN DE LA ARAUCANÍA,91,CAUTÍN,9120,VILLARRICA,VILLARRICA,3,1,0.0535124695918,8.8732713454e-05,156,09_ARAUCANIA,9,CAUTIN,91,VILLARRICA,9120,0.56550022625978,311,260,260,244,209,111,333,840,0,111,153,180,610,230,1.28063343717549,7,74,1203,22,11.2048286604361,1069,179,36,8.78193146417446,1420814.29296875,6966.37082765618
158,9120031002,9,REGIÓN DE LA ARAUCANÍA,91,CAUTÍN,9120,VILLARRICA,VILLARRICA,3,2,0.0280818308776,3.9295452392e-05,157,09_ARAUCANIA,9,CAUTIN,91,VILLARRICA,9120,0.443421699114889,50,85,170,220,297,10,75,737,0,10,23,52,421,316,1.4389497161395,9,77,736,16,8.45255474452555,615,200,7,8.71897810218978,629205.37890625,3449.32979129358
159,9120031003,9,REGIÓN DE LA ARAUCANÍA,91,CAUTÍN,9120,VILLARRICA,VILLARRICA,3,3,0.0484089032536,7.3655760955e-05,162,09_ARAUCANIA,9,CAUTIN,91,VILLARRICA,9120,0.517928218344929,173,232,355,343,281,50,218,1116,0,50,82,136,791,325,1.44499036608863,13,127,1244,46,10.1697976878613,975,335,74,8.6257225433526,1179356.26171875,6331.20340950349
160,9120031004,9,REGIÓN DE LA ARAUCANÍA,91,CAUTÍN,9120,VILLARRICA,VILLARRICA,3,4,0.0685381770262,0.000102005976788,159,09_ARAUCANIA,9,CAUTIN,91,VILLARRICA,9120,0.551701899397106,158,171,342,204,163,40,194,804,0,40,88,106,617,187,1.50624598587026,3,101,934,28,10.9296724470135,729,291,18,8.65028901734104,1633672.26171875,8184.06259843091
161,9120031005,9,REGIÓN DE LA ARAUCANÍA,91,CAUTÍN,9120,VILLARRICA,VILLARRICA,3,5,0.0518580688032,0.000100406984827,160,09_ARAUCANIA,9,CAUTIN,91,VILLARRICA,9120,0.514203072609179,157,211,285,265,287,46,212,947,0,46,84,128,641,306,1.43042876901798,10,114,1081,22,10.0365145228216,976,223,6,8.79917012448133,1607862.82421875,6391.70322422816
162,9120031006,9,REGIÓN DE LA ARAUCANÍA,91,CAUTÍN,9120,VILLARRICA,VILLARRICA,3,6,0.0551682051457,7.5324505259e-05,161,09_ARAUCANIA,9,CAUTIN,91,VILLARRICA,9120,0.521532359798887,103,253,407,376,203,13,191,1138,0,13,52,139,893,245,1.50202434177844,5,136,1201,43,10.2488822652757,1015,223,104,8.63636363636364,1206324.23046875,6623.8470128474
163,9120061001,9,REGIÓN DE LA ARAUCANÍA,91,CAUTÍN,9120,VILLARRICA,LICÁN RAY,6,1,0.0784885357794,0.000108259386366,166,09_ARAUCANIA,9,CAUTIN,91,VILLARRICA,9120,0.480994881379155,34,53,70,88,91,8,49,279,0,8,21,28,180,99,1.34017857142857,0,31,305,6,9.34523809523809,220,110,6,8.57440476190476,1738136.65234375,9569.46533773747
164,9120061002,9,REGIÓN DE LA ARAUCANÍA,91,CAUTÍN,9120,VILLARRICA,LICÁN RAY,6,2,0.0607799088213,0.000108810200417,163,09_ARAUCANIA,9,CAUTIN,91,VILLARRICA,9120,0.550589904697604,48,39,63,43,44,18,46,173,0,18,21,25,124,49,1.17144866385373,1,15,221,10,10.9113924050633,156,79,2,8.62025316455696,1747134.0703125,7247.01465595681
165,9120071001,9,REGIÓN DE LA ARAUCANÍA,91,CAUTÍN,9120,VILLARRICA,LICÁN RAY,7,1,0.109209300291,0.00017857410301,164,09_ARAUCANIA,9,CAUTIN,91,VILLARRICA,9120,0.524253288477694,45,56,47,54,65,12,60,195,0,12,23,37,124,71,1.15699126092385,0,11,256,8,10.2659176029963,216,50,1,8.79026217228464,2867215.234375,13778.693801138
166,9120091001,9,REGIÓN DE LA ARAUCANÍA,91,CAUTÍN,9120,VILLARRICA,ÑANCUL,9,1,0.0577470140658,0.00010539308687,165,09_ARAUCANIA,9,CAUTIN,91,VILLARRICA,9120,0.459194414206576,29,63,95,168,143,6,56,436,0,6,17,39,279,157,1.45635876840696,2,57,439,4,8.80321285140562,392,95,11,8.74497991967871,1687292.9296875,7050.05248485312
167,9121021001,9,REGIÓN DE LA ARAUCANÍA,91,CAUTÍN,9121,CHOLCHOL,CHOLCHOL,2,1,0.074917903148,0.000204857945574,167,09_ARAUCANIA,9,CAUTIN,91,CHOLCHOL,9121,0.488997081674353,120,206,312,209,323,20,195,955,0,20,56,139,613,342,1.44650997150997,10,109,1051,46,9.5008547008547,825,334,11,8.67008547008547,3248344.9609375,9438.39841714405
168,9201011001,9,REGIÓN DE LA ARAUCANÍA,92,MALLECO,9201,ANGOL,ANGOL,1,1,0.0451840164888,7.7894241817e-05,171,09_ARAUCANIA,9,MALLECO,92,ANGOL,9201,0.634007615623982,189,123,81,62,45,95,178,227,0,95,66,112,177,50,1.02036666666667,1,12,487,26,12.742,425,74,1,8.842,1221600.0234375,5484.55959958293
169,9201021001,9,REGIÓN DE LA ARAUCANÍA,92,MALLECO,9201,ANGOL,ANGOL,2,1,0.0517320489515,9.2229665077e-05,168,09_ARAUCANIA,9,MALLECO,92,ANGOL,9201,0.574919944223498,224,184,112,130,137,89,250,448,0,89,89,161,301,147,1.1652901313003,2,39,746,2,11.4091486658196,647,137,3,8.81321473951715,1446242.23046875,6522.47808969761
170,9201021002,9,REGIÓN DE LA ARAUCANÍA,92,MALLECO,9201,ANGOL,ANGOL,2,2,0.059156119894,8.8720216092e-05,169,09_ARAUCANIA,9,MALLECO,92,ANGOL,9201,0.488927759503039,99,155,170,256,233,35,142,736,0,35,35,107,476,260,1.30054764512596,2,61,850,14,9.47864184008762,697,209,7,8.74041621029573,1391185.0859375,7638.91715644554
171,9201031001,9,REGIÓN DE LA ARAUCANÍA,92,MALLECO,9201,ANGOL,ANGOL,3,1,0.0790341672383,0.000185601289959,170,09_ARAUCANIA,9,MALLECO,92,ANGOL,9201,0.397804555456481,70,165,196,349,591,21,124,1226,0,21,26,98,597,629,1.34724045708728,11,99,1261,49,7.41794310722101,1045,299,27,8.71553610503282,2910595.84375,9669.93084059736
172,9201041001,9,REGIÓN DE LA ARAUCANÍA,92,MALLECO,9201,ANGOL,ANGOL,4,1,0.0481424432937,7.1342799426e-05,175,09_ARAUCANIA,9,MALLECO,92,ANGOL,9201,0.614650610305649,172,123,91,73,50,54,188,267,0,54,81,107,214,53,1.15769482645711,0,14,495,12,12.3005893909627,440,69,0,8.85068762278978,1118966.53125,6117.24430530115
173,9201131001,9,REGIÓN DE LA ARAUCANÍA,92,MALLECO,9201,ANGOL,ANGOL,13,1,0.0426662825272,7.3341961895e-05,172,09_ARAUCANIA,9,MALLECO,92,ANGOL,9201,0.438556044961842,19,61,110,162,179,7,35,489,0,7,4,31,295,194,1.43214061519146,1,39,491,22,8.34274952919021,399,128,4,8.71751412429379,1150534.72265625,5361.68728119799
174,9201151001,9,REGIÓN DE LA ARAUCANÍA,92,MALLECO,9201,ANGOL,ANGOL,15,1,0.0551866751287,8.6760236398e-05,173,09_ARAUCANIA,9,MALLECO,92,ANGOL,9201,0.591138104491691,180,116,178,109,73,57,181,418,0,57,75,106,333,85,1.38165650406504,6,50,600,28,11.797256097561,513,142,1,8.74695121951219,1360798.46875,7038.18221609016
175,9201151002,9,REGIÓN DE LA ARAUCANÍA,92,MALLECO,9201,ANGOL,ANGOL,15,2,0.0366973438959,4.4919028351e-05,174,09_ARAUCANIA,9,MALLECO,92,ANGOL,9201,0.501001998391667,130,104,108,142,207,45,141,505,0,45,59,82,283,222,1.2342981186686,2,34,655,18,9.77134587554269,498,186,7,8.67293777134588,704540.0703125,4681.36839140011
176,9201151003,9,REGIÓN DE LA ARAUCANÍA,92,MALLECO,9201,ANGOL,ANGOL,15,3,0.0275200728766,2.8241432745e-05,183,09_ARAUCANIA,9,MALLECO,92,ANGOL,9201,0.477886822229844,77,140,146,147,225,12,123,600,0,12,51,72,361,239,1.20324263038549,0,31,704,10,9.22993197278912,577,150,8,8.73197278911565,442968.3828125,3501.35544235021
177,9201151004,9,REGIÓN DE LA ARAUCANÍA,92,MALLECO,9201,ANGOL,ANGOL,15,4,0.0344379840527,5.5184977416e-05,176,09_ARAUCANIA,9,MALLECO,92,ANGOL,9201,0.549096365946692,275,341,308,326,244,94,348,1052,0,94,124,224,771,281,1.29436635430611,4,80,1410,118,10.8333333333333,1227,255,12,8.78179384203481,865605.18359375,4269.46784046116
178,9201151005,9,REGIÓN DE LA ARAUCANÍA,92,MALLECO,9201,ANGOL,ANGOL,15,5,0.019023388394,2.1075793978e-05,177,09_ARAUCANIA,9,MALLECO,92,ANGOL,9201,0.446293678650696,16,106,156,241,223,0,57,685,0,0,7,50,439,246,1.41945193171608,3,67,672,18,8.54312668463612,517,193,32,8.62803234501348,330600.6484375,2431.47209033209
179,9201151006,9,REGIÓN DE LA ARAUCANÍA,92,MALLECO,9201,ANGOL,ANGOL,15,6,0.071356582957,0.000141557349329,178,09_ARAUCANIA,9,MALLECO,92,ANGOL,9201,0.527137201474398,297,328,459,448,403,137,313,1485,0,137,111,202,1037,448,1.40701981050818,0,154,1781,46,10.3328165374677,1583,325,27,8.78914728682171,2220565.81640625,8632.00679613194
180,9201151007,9,REGIÓN DE LA ARAUCANÍA,92,MALLECO,9201,ANGOL,ANGOL,15,7,0.0342741785194,5.1807425701e-05,179,09_ARAUCANIA,9,MALLECO,92,ANGOL,9201,0.478131560347765,66,124,160,203,227,15,101,664,0,15,29,72,419,245,1.33931623931624,1,67,712,20,9.23589743589744,596,180,4,8.73333333333333,812675.5234375,4334.4881849677
181,9201161001,9,REGIÓN DE LA ARAUCANÍA,92,MALLECO,9201,ANGOL,ANGOL,16,1,0.0850036634721,0.000268957863283,180,09_ARAUCANIA,9,MALLECO,92,ANGOL,9201,0.520670177976413,170,228,302,265,261,43,239,944,0,43,79,160,653,291,1.37674007612833,3,97,1126,72,10.2169657422512,901,314,11,8.6794453507341,4217654.359375,10495.1940819115
182,9201161002,9,REGIÓN DE LA ARAUCANÍA,92,MALLECO,9201,ANGOL,ANGOL,16,2,0.0834254574848,0.000219634305743,181,09_ARAUCANIA,9,MALLECO,92,ANGOL,9201,0.578368539413114,419,325,336,278,237,183,392,1020,0,183,164,228,745,275,1.32943573667712,4,94,1497,58,11.4896551724138,1327,249,19,8.80940438871473,3444925.2890625,10074.5318268649
183,9201161003,9,REGIÓN DE LA ARAUCANÍA,92,MALLECO,9201,ANGOL,ANGOL,16,3,0.0408029781519,8.0077774533e-05,182,09_ARAUCANIA,9,MALLECO,92,ANGOL,9201,0.452947103945058,33,102,95,111,184,6,72,447,0,6,18,54,252,195,1.23911111111111,1,38,486,10,8.6552380952381,410,111,4,8.76380952380952,1255647.9296875,5339.27701646742
184,9202021001,9,REGIÓN DE LA ARAUCANÍA,92,MALLECO,9202,COLLIPULLI,COLLIPULLI,2,1,0.0425439769599,8.7127924779e-05,184,09_ARAUCANIA,9,MALLECO,92,COLLIPULLI,9202,0.434420403272213,63,142,288,365,468,18,100,1208,0,18,25,75,688,520,1.42693564605329,8,131,1187,28,8.29638009049774,879,364,83,8.54675716440422,1369333.3515625,5153.96374084579
185,9202021002,9,REGIÓN DE LA ARAUCANÍA,92,MALLECO,9202,COLLIPULLI,COLLIPULLI,2,2,0.0392019580318,5.8043563239e-05,188,09_ARAUCANIA,9,MALLECO,92,COLLIPULLI,9202,0.411667069918494,37,85,231,356,459,6,64,1098,0,6,15,49,579,519,1.48958333333333,8,117,1043,26,7.82448630136986,660,452,56,8.38869863013699,912185.9609375,4772.41686538559
186,9202031001,9,REGIÓN DE LA ARAUCANÍA,92,MALLECO,9202,COLLIPULLI,COLLIPULLI,3,1,0.0709721841178,0.000102449489818,185,09_ARAUCANIA,9,MALLECO,92,COLLIPULLI,9202,0.552533294664151,138,133,77,73,123,54,168,322,0,54,68,100,191,131,1.08462009803922,2,22,520,26,10.8952205882353,460,84,0,8.83455882352941,1610136.453125,8706.45998907135
187,9202041001,9,REGIÓN DE LA ARAUCANÍA,92,MALLECO,9202,COLLIPULLI,COLLIPULLI,4,1,0.0339334921685,5.0479540532e-05,186,09_ARAUCANIA,9,MALLECO,92,COLLIPULLI,9202,0.440344051105462,47,102,177,217,277,15,82,723,0,15,21,61,398,325,1.37778455284553,5,69,746,14,8.44634146341463,501,251,68,8.49024390243902,793281.453125,4144.55993842389
188,9202041002,9,REGIÓN DE LA ARAUCANÍA,92,MALLECO,9202,COLLIPULLI,COLLIPULLI,4,2,0.0315148608191,3.7050949334e-05,187,09_ARAUCANIA,9,MALLECO,92,COLLIPULLI,9202,0.43287248530032,41,57,54,91,154,14,54,329,0,14,22,32,166,163,1.1612510495382,0,17,380,22,8.22166246851385,297,82,18,8.68513853904282,582272.38671875,3918.18291969741
189,9202041003,9,REGIÓN DE LA ARAUCANÍA,92,MALLECO,9202,COLLIPULLI,MININCO,4,3,0.0527463485683,0.000131326025452,190,09_ARAUCANIA,9,MALLECO,92,COLLIPULLI,9202,0.446874297362808,29,76,158,136,220,7,40,572,0,7,14,26,328,244,1.41074313408724,2,51,566,12,8.58319870759289,404,155,60,8.53150242326333,2059315.5390625,6709.64699373558
190,9202041004,9,REGIÓN DE LA ARAUCANÍA,92,MALLECO,9202,COLLIPULLI,COLLIPULLI,4,4,0.036052426283,4.2949275971e-05,189,09_ARAUCANIA,9,MALLECO,92,COLLIPULLI,9202,0.500007478838314,115,130,139,195,193,31,148,593,0,31,63,85,369,224,1.27616580310881,2,49,721,2,9.77461139896373,531,197,44,8.58031088082902,674956.85546875,4388.23806382103
191,9203011001,9,REGIÓN DE LA ARAUCANÍA,92,MALLECO,9203,CURACAUTÍN,CURACAUTÍN,1,1,0.0415881619703,6.6265743778e-05,194,09_ARAUCANIA,9,MALLECO,92,CURACAUTIN,9203,0.510716243760971,89,109,123,154,138,35,111,467,0,35,42,69,313,154,1.16109298531811,3,32,578,2,9.9836867862969,456,141,16,8.69983686786297,1048369.234375,5139.85334125218
192,9203011002,9,REGIÓN DE LA ARAUCANÍA,92,MALLECO,9203,CURACAUTÍN,CURACAUTÍN,1,2,0.0673237456346,0.000144121414243,191,09_ARAUCANIA,9,MALLECO,92,CURACAUTIN,9203,0.461204084606539,82,149,155,188,294,33,125,710,0,33,36,89,401,309,1.24470046082949,2,58,808,8,8.85253456221198,672,180,16,8.72811059907834,2280325.7890625,8185.18511037131
193,9203011003,9,REGIÓN DE LA ARAUCANÍA,92,MALLECO,9203,CURACAUTÍN,CURACAUTÍN,1,3,0.0285208543944,4.8511512991e-05,192,09_ARAUCANIA,9,MALLECO,92,CURACAUTIN,9203,0.398288885912507,17,70,131,223,302,2,42,699,0,2,7,35,360,339,1.34540152534769,1,64,678,6,7.46837146702557,501,207,35,8.57335127860027,767509.5859375,3634.75944993949
194,9203021001,9,REGIÓN DE LA ARAUCANÍA,92,MALLECO,9203,CURACAUTÍN,CURACAUTÍN,2,1,0.0601575410164,0.000123753340575,193,09_ARAUCANIA,9,MALLECO,92,CURACAUTIN,9203,0.551602438578378,157,138,192,148,130,57,169,539,0,57,76,93,388,151,1.13917211328976,0,34,731,8,10.9150326797386,558,193,14,8.6875816993464,1957781.46484375,7249.54881201872
195,9203021002,9,REGIÓN DE LA ARAUCANÍA,92,MALLECO,9203,CURACAUTÍN,CURACAUTÍN,2,2,0.0372827508517,5.8654873776e-05,197,09_ARAUCANIA,9,MALLECO,92,CURACAUTIN,9203,0.457459694137153,89,90,104,180,256,22,110,587,0,22,44,66,306,281,1.11970329160872,1,27,691,14,8.7913769123783,496,208,15,8.64116828929068,928010.453125,4573.22768743995
196,9203051001,9,REGIÓN DE LA ARAUCANÍA,92,MALLECO,9203,CURACAUTÍN,CURACAUTÍN,5,1,0.0271878305106,2.6637732809e-05,195,09_ARAUCANIA,9,MALLECO,92,CURACAUTIN,9203,0.437142294639673,15,41,45,103,98,6,29,267,0,6,6,23,161,106,1.31252759381898,0,25,277,2,8.3112582781457,228,66,8,8.71192052980132,421404.55859375,3174.81976513106
197,9203051002,9,REGIÓN DE LA ARAUCANÍA,92,MALLECO,9203,CURACAUTÍN,CURACAUTÍN,5,2,0.0208673737422,2.1970171365e-05,196,09_ARAUCANIA,9,MALLECO,92,CURACAUTIN,9203,0.501988726085002,17,35,65,70,37,2,26,196,0,2,6,20,156,40,1.39233630952381,0,14,210,0,9.75892857142857,183,41,0,8.79910714285714,347545.62890625,2562.88059960129
198,9204011001,9,REGIÓN DE LA ARAUCANÍA,92,MALLECO,9204,ERCILLA,ERCILLA,1,1,0.0674712342706,0.000143717247901,198,09_ARAUCANIA,9,MALLECO,92,ERCILLA,9204,0.487702965566915,86,117,153,184,217,22,118,617,0,22,48,70,378,239,1.37540730955526,4,80,673,18,9.46367239101717,571,159,27,8.69616908850726,2262039.45703125,8303.90760523194
199,9204031001,9,REGIÓN DE LA ARAUCANÍA,92,MALLECO,9204,ERCILLA,PAILAHUEQUE,3,1,0.0572651464147,0.000101449599057,199,09_ARAUCANIA,9,MALLECO,92,ERCILLA,9204,0.427495900969045,27,46,78,100,171,7,36,379,0,7,12,24,195,184,1.35422590837283,0,38,384,4,8.12796208530806,283,119,20,8.58530805687204,1598191.2109375,7177.98799702061
200,9205011001,9,REGIÓN DE LA ARAUCANÍA,92,MALLECO,9205,LONQUIMAY,LONQUIMAY,1,1,0.0744772161029,0.000242908829674,200,09_ARAUCANIA,9,MALLECO,92,LONQUIMAY,9205,0.486405420021055,151,204,196,238,310,52,211,836,0,52,66,145,489,347,1.22694874127995,6,76,1017,24,9.45131938125569,758,319,22,8.63239308462238,3843748.34375,9296.7724015098
201,9206011001,9,REGIÓN DE LA ARAUCANÍA,92,MALLECO,9206,LOS SAUCES,LOS SAUCES,1,1,0.0485681882589,7.3984220701e-05,201,09_ARAUCANIA,9,MALLECO,92,LOS_SAUCES,9206,0.424874862773448,31,55,50,61,143,8,53,279,0,8,14,39,131,148,1.23460784313725,1,23,316,6,8.06470588235294,225,110,5,8.59705882352941,1163221.7421875,6199.32746021791
202,9206091001,9,REGIÓN DE LA ARAUCANÍA,92,MALLECO,9206,LOS SAUCES,LOS SAUCES,9,1,0.0659166235042,0.000129427867297,202,09_ARAUCANIA,9,MALLECO,92,LOS_SAUCES,9206,0.442061892737143,68,125,196,213,340,25,89,828,0,25,28,61,450,378,1.29025123849965,3,44,895,6,8.46602972399151,614,302,26,8.55732484076433,2034763.23046875,7975.40227314426
203,9207011001,9,REGIÓN DE LA ARAUCANÍA,92,MALLECO,9207,LUMACO,LUMACO,1,1,0.0569084594162,0.000124895160107,204,09_ARAUCANIA,9,MALLECO,92,LUMACO,9207,0.441236346213904,33,55,92,130,155,9,58,398,0,9,19,39,226,172,1.2794623655914,3,26,436,2,8.44731182795699,288,159,18,8.55698924731183,1968493.57421875,7095.42995459745
204,9207101001,9,REGIÓN DE LA ARAUCANÍA,92,MALLECO,9207,LUMACO,CAPITÁN PASTENE,10,1,0.0542458499272,0.000140239536451,203,09_ARAUCANIA,9,MALLECO,92,LUMACO,9207,0.432733342753809,63,127,109,242,335,20,98,758,0,20,31,67,403,355,1.23474124809741,2,51,823,18,8.17351598173516,755,113,8,8.8458904109589,2211233.66796875,6854.94966574306
205,9208011001,9,REGIÓN DE LA ARAUCANÍA,92,MALLECO,9208,PURÉN,PURÉN,1,1,0.0931950549567,0.000127010164641,205,09_ARAUCANIA,9,MALLECO,92,PUREN,9208,0.469988117512879,91,88,128,174,238,31,113,575,0,31,46,67,307,268,1.23416782568382,2,44,673,4,9.12239221140473,417,253,49,8.47566063977747,1998151.26953125,11008.7012755069
206,9208021001,9,REGIÓN DE LA ARAUCANÍA,92,MALLECO,9208,PURÉN,PURÉN,2,1,0.0582873097346,0.000109075326468,206,09_ARAUCANIA,9,MALLECO,92,PUREN,9208,0.489499191921374,103,130,114,187,204,33,142,563,0,33,47,95,343,220,1.18864046973803,1,45,692,8,9.50406504065041,544,175,19,8.69376693766938,1716047.828125,7391.49418726241
207,9208021002,9,REGIÓN DE LA ARAUCANÍA,92,MALLECO,9208,PURÉN,PURÉN,2,2,0.0460013784816,8.6082889497e-05,207,09_ARAUCANIA,9,MALLECO,92,PUREN,9208,0.447861690666777,86,116,200,258,369,26,115,888,0,26,41,74,482,406,1.37725947521866,8,83,938,6,8.56559766763848,738,285,6,8.6734693877551,1354462.38671875,5742.55586680166
208,9209011001,9,REGIÓN DE LA ARAUCANÍA,92,MALLECO,9209,RENAICO,RENAICO,1,1,0.0476513502162,0.000112981189104,210,09_ARAUCANIA,9,MALLECO,92,RENAICO,9209,0.44234386123257,51,148,265,331,428,5,97,1121,0,5,24,73,651,470,1.44557100027255,5,118,1100,7,8.4358135731807,893,316,14,8.6909239574816,1768922.94140625,5982.6157448914
209,9209011002,9,REGIÓN DE LA ARAUCANÍA,92,MALLECO,9209,RENAICO,RENAICO,1,2,0.04309050589,8.054399681e-05,208,09_ARAUCANIA,9,MALLECO,92,RENAICO,9209,0.464698580052997,69,142,147,191,268,22,114,681,0,22,32,82,388,293,1.27276621787026,1,51,765,12,8.93268053855569,630,171,16,8.72582619339045,1260982.921875,5372.77575400759
210,9209031001,9,REGIÓN DE LA ARAUCANÍA,92,MALLECO,9209,RENAICO,TIJERAL,3,1,0.0513065432036,0.000106152407398,209,09_ARAUCANIA,9,MALLECO,92,RENAICO,9209,0.423387733695392,26,60,109,167,223,4,40,541,0,4,7,33,296,245,1.4105698005698,1,52,532,12,8.00854700854701,426,150,9,8.68034188034188,1663319.58203125,6401.94183642114
211,9210011001,9,REGIÓN DE LA ARAUCANÍA,92,MALLECO,9210,TRAIGUÉN,TRAIGUÉN,1,1,0.0586308228679,6.7774544953e-05,211,09_ARAUCANIA,9,MALLECO,92,TRAIGUEN,9210,0.564702091735659,122,93,68,66,92,51,123,267,0,51,57,66,169,98,1.10268329554044,2,15,424,15,11.1859410430839,350,89,2,8.78231292517007,1069435.87109375,7127.28814477352
212,9210011002,9,REGIÓN DE LA ARAUCANÍA,92,MALLECO,9210,TRAIGUÉN,TRAIGUÉN,1,2,0.0269574383485,4.087973855e-05,215,09_ARAUCANIA,9,MALLECO,92,TRAIGUEN,9210,0.584291482730811,88,72,37,49,47,44,78,171,0,44,34,44,123,48,1.07957906712173,1,7,285,8,11.6143344709898,247,46,0,8.83959044368601,645084.80859375,3348.04639781606
213,9210021001,9,REGIÓN DE LA ARAUCANÍA,92,MALLECO,9210,TRAIGUÉN,TRAIGUÉN,2,1,0.04636638682,0.000104398203176,212,09_ARAUCANIA,9,MALLECO,92,TRAIGUEN,9210,0.453213119091322,77,143,231,291,363,24,104,977,0,24,30,74,576,401,1.64126696832579,16,110,979,82,8.70407239819004,735,352,18,8.61990950226244,1647572.7734375,5589.92033281276
214,9210031001,9,REGIÓN DE LA ARAUCANÍA,92,MALLECO,9210,TRAIGUÉN,TRAIGUÉN,3,1,0.0409046242923,7.7271645594e-05,213,09_ARAUCANIA,9,MALLECO,92,TRAIGUEN,9210,0.480774453323244,153,175,144,191,329,63,191,738,0,63,70,121,389,349,1.18684475806452,5,52,935,12,9.29737903225806,756,213,23,8.72479838709677,1219344.87890625,5355.08584019005
215,9210041001,9,REGIÓN DE LA ARAUCANÍA,92,MALLECO,9210,TRAIGUÉN,TRAIGUÉN,4,1,0.055175656304,6.9767330799e-05,214,09_ARAUCANIA,9,MALLECO,92,TRAIGUEN,9210,0.393709444576326,34,66,99,152,326,12,52,613,0,12,10,42,274,339,1.26873461349089,0,52,625,12,7.35598227474151,462,205,10,8.602658788774,1100931.0234375,7051.47972283706
216,9210051001,9,REGIÓN DE LA ARAUCANÍA,92,MALLECO,9210,TRAIGUÉN,TRAIGUÉN,5,1,0.0574041029702,8.4666393734e-05,217,09_ARAUCANIA,9,MALLECO,92,TRAIGUEN,9210,0.452856603620733,84,126,202,222,353,20,113,854,0,20,44,69,482,372,1.39432624113475,0,96,891,8,8.67983789260385,699,282,6,8.67071935157042,1335867.70703125,6914.25865117756
217,9210061001,9,REGIÓN DE LA ARAUCANÍA,92,MALLECO,9210,TRAIGUÉN,TRAIGUÉN,6,1,0.0405302734082,7.8607955795e-05,216,09_ARAUCANIA,9,MALLECO,92,TRAIGUEN,9210,0.473726384272309,27,21,30,44,61,10,28,145,0,10,12,16,77,68,1.32905282331512,2,14,167,8,9.12568306010929,143,38,2,8.77049180327869,1240283.28515625,4958.46735672467
218,9211011001,9,REGIÓN DE LA ARAUCANÍA,92,MALLECO,9211,VICTORIA,VICTORIA,1,1,0.033223920038,3.584364019e-05,218,09_ARAUCANIA,9,MALLECO,92,VICTORIA,9211,0.637001295869399,123,88,40,45,23,57,117,145,0,57,49,68,122,23,1.04289446185998,0,4,315,22,12.7993730407524,286,31,2,8.88087774294671,565473.3828125,4312.604036652
219,9211011002,9,REGIÓN DE LA ARAUCANÍA,92,MALLECO,9211,VICTORIA,VICTORIA,1,2,0.0283152040226,4.0459023051e-05,219,09_ARAUCANIA,9,MALLECO,92,VICTORIA,9211,0.583838851330182,106,70,50,63,55,45,100,199,0,45,46,54,142,57,1.21172480620155,1,16,327,20,11.6162790697674,281,62,1,8.79941860465116,638269.25,3547.37795387184
220,9211021001,9,REGIÓN DE LA ARAUCANÍA,92,MALLECO,9211,VICTORIA,VICTORIA,2,1,0.036658423108,5.825330267e-05,220,09_ARAUCANIA,9,MALLECO,92,VICTORIA,9211,0.51095865195575,75,90,106,106,119,29,85,382,0,29,30,55,254,128,1.23508064516129,1,21,474,0,9.97379032258065,388,102,6,8.75604838709677,918922.59375,4440.64463796317
221,9211031001,9,REGIÓN DE LA ARAUCANÍA,92,MALLECO,9211,VICTORIA,VICTORIA,3,1,0.046535797734,7.4401841472e-05,224,09_ARAUCANIA,9,MALLECO,92,VICTORIA,9211,0.427816976853288,18,73,202,247,289,1,47,781,0,1,10,37,462,319,1.57370325693607,5,105,719,16,8.12907117008444,584,188,57,8.61158021712907,1173600.96484375,5587.44307204105
222,9211041001,9,REGIÓN DE LA ARAUCANÍA,92,MALLECO,9211,VICTORIA,VICTORIA,4,1,0.0697232132669,0.000137764790178,221,09_ARAUCANIA,9,MALLECO,92,VICTORIA,9211,0.574983449351424,257,227,133,149,155,79,311,531,0,79,123,188,361,170,1.15331161780673,1,35,885,58,11.4115092290988,758,157,6,8.81216069489685,2173240.19140625,9054.05017986525
223,9211041002,9,REGIÓN DE LA ARAUCANÍA,92,MALLECO,9211,VICTORIA,VICTORIA,4,2,0.0503867364075,0.000140734014422,222,09_ARAUCANIA,9,MALLECO,92,VICTORIA,9211,0.564595318465478,245,229,144,153,175,97,265,584,0,97,84,181,395,189,1.22676180408739,3,54,889,42,11.1712473572939,793,148,5,8.82875264270613,2220206.65625,6335.68420966056
224,9211051001,9,REGIÓN DE LA ARAUCANÍA,92,MALLECO,9211,VICTORIA,VICTORIA,5,1,0.0373199592006,6.6883428067e-05,223,09_ARAUCANIA,9,MALLECO,92,VICTORIA,9211,0.455745549582217,60,105,212,260,285,12,90,820,0,12,24,66,498,322,1.4747830802603,8,104,810,24,8.77765726681128,579,319,24,8.55748373101952,1055271.3203125,4774.5691620204
225,9211051002,9,REGIÓN DE LA ARAUCANÍA,92,MALLECO,9211,VICTORIA,VICTORIA,5,2,0.0277459671722,4.0356934885e-05,228,09_ARAUCANIA,9,MALLECO,92,VICTORIA,9211,0.52963265095122,119,115,116,150,150,40,136,474,0,40,52,84,317,157,1.19658974358974,1,31,618,12,10.3784615384615,544,101,5,8.82461538461538,636705.57421875,3647.1788355806
226,9211051003,9,REGIÓN DE LA ARAUCANÍA,92,MALLECO,9211,VICTORIA,VICTORIA,5,3,0.0445060332413,8.1941341079e-05,225,09_ARAUCANIA,9,MALLECO,92,VICTORIA,9211,0.49269648752902,113,196,363,262,314,15,184,1049,0,15,51,133,703,346,1.38843482905983,1,97,1150,12,9.60576923076923,829,381,38,8.59294871794872,1292785.5,5794.82557804048
227,9211051004,9,REGIÓN DE LA ARAUCANÍA,92,MALLECO,9211,VICTORIA,VICTORIA,5,4,0.0296622114809,4.8951004065e-05,226,09_ARAUCANIA,9,MALLECO,92,VICTORIA,9211,0.490389207995643,55,152,241,265,207,12,112,796,0,12,26,86,566,230,1.42503623188406,5,85,830,2,9.52173913043478,683,233,4,8.70652173913044,772373.13671875,3661.29922574422
228,9211171001,9,REGIÓN DE LA ARAUCANÍA,92,MALLECO,9211,VICTORIA,VICTORIA,17,1,0.059464041843,0.000115925000876,227,09_ARAUCANIA,9,MALLECO,92,VICTORIA,9211,0.679888565750321,34,21,2,3,7,20,28,19,0,20,13,15,10,9,1.11218905472637,0,2,65,8,13.7611940298507,62,5,0,8.92537313432836,1828744.04296875,7326.82200207294
